,rating,country,votes_norm,popularity_norm,score,votes,budget_norm,company,score_norm,genre,year,writer,popularity,budget,isprofit,profitability_ratio
0,3,1,-0.7645905265383113,0.0010559235395838,5.6,27008,-0.5523204361165933,17,-1.1277210214391336,6,2009,45,10.279603,18000000,1,0.273743889
1,4,1,-0.8434873404337755,-1.0796835124538504,6.8,20514,-0.5208190020748772,10,0.4948089884621806,5,2009,478,6.036408,19000000,0,-0.976097421
2,4,1,-0.6660849264359979,-0.9279371454797226,6.5,35116,-0.9618390786589038,10,0.0891764859868523,6,2009,390,6.632194,5000000,0,-0.7050984
3,2,1,-0.657228169840711,2.1066937238421417,5.6,35845,1.0857541340526489,7,-1.1277210214391336,1,2009,422,18.54675,70000000,0,-0.4868146
4,2,0,-0.7553206976189644,0.768685174323835,6.3,27771,0.9282469638440678,10,-0.1812451823300335,2,2009,359,13.293466,65000000,0,-0.699260554
5,3,1,-0.7087528676741978,-0.7518860834162403,4.8,31604,0.7077369255520545,1,-2.209407694706676,4,2009,292,7.323405,58000000,0,-0.4899985
6,3,1,-0.7980979815311802,0.8445904499416954,5.6,24250,-0.4263146999497285,10,-1.1277210214391336,0,2009,91,13.591485,22000000,0,-0.443957409
7,4,1,-0.7784648969523273,0.1827664073990886,6.7,25866,-0.174303227615999,10,0.3595981543037382,3,2009,183,10.993034,30000000,0,-0.751899767
8,4,0,-0.667785812476245,0.3235115409962766,7.6,34976,-0.8043319084503229,2,1.576495661729723,3,2009,379,11.545627,10000000,0,-0.9550442
9,4,0,-0.6937364737760158,-1.1907658386159174,6.8,32840,-1.0090912297214782,10,0.4948089884621806,4,2009,381,5.600277,3500000,0,-0.987296571
10,3,1,-0.7616382743398823,-0.0824704690440994,5.7,27251,-0.2688075297411476,12,-0.99251018728069,0,2009,185,9.951662,27000000,0,-0.407819407
11,4,1,-0.9214122194490983,-1.132346189692051,6.4,14100,-0.6468247382417419,10,-0.04603434817159,4,2009,51,5.829644,15000000,0,-0.7092968
12,3,1,-0.8965671340754883,-0.7841603243200658,5.9,16145,-0.5838218701583096,10,-0.7220885189638041,4,2009,329,7.19669,17000000,0,-0.490451882
13,3,1,-0.7489909717120447,-0.8301707613031576,7.4,28292,-0.9303376446171876,10,1.3060739934128385,4,2009,391,7.016044,6000000,1,0.111785333
14,4,0,-0.8237935099249138,-0.7650996362225345,6.8,22135,-1.094145101634112,10,0.4948089884621806,5,2009,165,7.271526,800000,0,-0.791275
15,4,1,-0.8699482675456204,-0.2841575402260908,4.9,18336,-0.99334051270062,10,-2.0741968605482324,4,2009,146,9.159799,4000000,0,-0.974565
16,4,1,-0.7173909389214529,-1.2163223815057873,7.2,30893,-0.9145869275963296,10,1.0356523250959524,6,2009,14,5.499937,6500000,0,-0.989748154
17,3,1,-0.8498899614567058,-1.4254532988358684,7.1,19987,-0.8830854935546134,10,0.9004414909375088,6,2009,71,4.678848,7500000,1,0.2235404
18,3,0,-0.8750144781083565,-1.4054795132073403,6.8,17919,-0.7413290403668905,10,0.4948089884621806,6,2009,340,4.757269,12000000,0,-0.9542555
19,4,1,-0.958139208732435,-1.877676758261181,6.9,11077,-0.9618390786589038,10,0.6300198226206241,6,2009,309,2.90333,5000000,0,-0.8962956
20,4,1,-1.050764602809894,-2.0621239877191675,5.9,3453,-0.8043319084503229,10,-0.7220885189638041,12,2009,448,2.179154,10000000,0,-0.9998215
21,3,1,2.576690756853196,0.8959928742975051,7.5,302029,0.7707397936354868,17,1.4412848275712806,0,2010,317,13.793301,60000000,0,-0.4750955
22,4,1,0.2128843824197212,-0.5537701532334404,6.4,107464,-0.4893175680331609,4,-0.04603434817159,4,2010,426,8.101247,20000000,1,0.5792361
23,4,0,0.0971147890088992,-0.4277537794751543,8.2,97935,-0.9051364973838149,10,2.3877606666803795,6,2010,112,8.596012,6800000,1,0.008396471
24,4,1,2.547496262890953,0.7146219048058716,7.6,299626,0.0462068106760143,19,1.576495661729723,5,2010,376,13.081203,37000000,1,1.491520595
25,2,0,0.7570585726247927,-0.1246912328992426,5.9,152255,1.8732899850955536,5,-0.7220885189638041,1,2010,82,9.785895,95000000,0,-0.065666105
26,4,1,0.7867754815851108,-0.6876277042830119,6.7,154701,-0.174303227615999,5,0.3595981543037382,4,2010,65,7.575696,30000000,1,0.078900167
27,3,1,1.9999081514193853,0.5908282931544209,7.1,254554,0.7077369255520545,13,0.9004414909375088,0,2010,233,12.595165,58000000,1,0.558278655
28,4,1,1.9012446118990487,1.050144368185217,6.9,246433,1.4007684744698108,10,0.6300198226206241,0,2010,141,14.39853,80000000,1,0.185438238
29,3,1,1.610538889248808,1.6485003639903228,6.8,222505,2.3458114957212968,16,0.4948089884621806,0,2010,208,16.747793,110000000,0,-0.297980918
30,3,1,0.8246080467946081,0.6325422051025393,6.3,157815,2.5663215340133103,16,-0.1812451823300335,0,2010,364,12.758942,117000000,0,-0.346811667
31,4,1,0.7869334210031337,0.2120262803030973,7.4,154714,-1.0090912297214782,10,1.3060739934128385,6,2010,113,11.107914,3500000,1,1.782254857
32,3,1,0.3825842124923795,-0.5011818482348636,7.2,121432,-0.6153233042000257,13,1.0356523250959524,6,2010,484,8.307719,16000000,1,0.191765
33,4,1,2.4912455317027797,0.9847648020697164,7.8,294996,-0.33181039782458,10,1.8469173300466089,3,2010,424,14.141837,25000000,1,2.74468036
34,4,0,0.3504131679597049,-0.5085490298482731,7.2,118784,-0.6468247382417419,10,1.0356523250959524,6,2010,265,8.278794,15000000,0,-0.837689867
35,3,1,1.2691346134132002,3.490858143729928,6.0,194404,1.4007684744698108,1,-0.5868776848053618,4,2010,9,23.981251,80000000,1,1.025014825
36,3,1,2.064019405950701,-0.4001334069357269,6.4,259831,2.3458114957212968,1,-0.04603434817159,0,2010,274,8.704455,110000000,1,0.075557891
37,4,1,2.4114618272291866,1.1410949950592817,6.5,288429,1.4007684744698108,10,0.0891764859868523,0,2010,97,14.75562,80000000,1,0.28835655
38,3,1,0.5529886953531402,-0.4665383930400121,6.3,135458,0.6132326234269059,16,-0.1812451823300335,4,2010,251,8.443736,55000000,1,0.7947528
39,3,1,-0.294647862804026,-0.254423926343657,6.4,65689,0.6132326234269059,12,-0.04603434817159,6,2010,449,9.276539,55000000,0,-0.282897182
40,4,1,2.546001913012736,0.2295707425702185,7.6,299503,-0.5523204361165933,10,1.576495661729723,1,2010,94,11.176797,18000000,1,0.018623889
41,4,1,1.1289208577668264,-0.3159618606432528,6.4,182863,0.1407111128011629,16,-0.04603434817159,0,2010,17,9.034929,40000000,1,0.3000172
42,3,1,0.7947574967882706,-0.174222635089725,7.4,155358,-0.016796057407418,10,1.3060739934128385,5,2010,367,9.591425,35000000,0,-0.395752829
43,3,1,1.3862527664702182,0.5759171685087708,6.7,204044,2.030797155304134,1,0.3595981543037382,0,2010,8,12.536621,100000000,1,0.19219978
44,4,1,0.3461488036730852,-0.7630915857526945,7.2,118433,-1.0563433807840523,10,1.0356523250959524,6,2010,111,7.27941,2000000,1,2.2657515
45,4,1,-0.1634366539849603,-0.5255278046352422,5.5,76489,-0.3633118318662962,3,-1.262931855597576,4,2010,371,8.212132,24000000,1,0.041798125
46,4,1,0.6767889007111291,0.4310010767058371,6.4,145648,0.0147053766342981,7,-0.04603434817159,4,2010,250,11.967652,36000000,1,0.396876556
47,4,0,-0.2521378609838491,0.6963362671370216,6.4,69188,-0.7413290403668905,10,-0.04603434817159,0,2010,341,13.00941,12000000,0,-0.989809333
48,0,1,-0.9128105957598484,-0.7151619884080804,6.7,14808,-0.6468247382417419,5,0.3595981543037382,1,2010,278,7.467591,15000000,1,0.744093733
49,3,1,0.1291278941235509,-0.7153835769302469,5.7,100570,0.5187283213017573,9,-0.99251018728069,4,2010,262,7.466721,52000000,1,1.124724115
50,3,1,-0.4746623517921831,-1.0193902943701485,6.5,50872,0.2667168489680277,17,0.0891764859868523,6,2010,80,6.273131,44000000,0,-0.291760341
51,4,0,0.1120704369770723,0.2149670401616429,7.2,99166,-0.4893175680331609,10,1.0356523250959524,6,2010,304,11.11946,20000000,0,-0.393279
52,2,1,1.194174135782308,0.3383549155880229,7.3,188234,2.9758401765556206,10,1.1708631592543948,2,2010,13,11.603905,130000000,1,0.141660408
53,2,1,-0.2745166615991009,0.0010768088945468,7.7,67346,-0.6783261722834582,0,1.7117064958881665,4,2010,400,10.279685,14000000,0,-0.874841857
54,3,1,1.2201976921980895,0.6544725919118526,6.0,190376,2.030797155304134,10,-0.5868776848053618,0,2010,135,12.845045,100000000,0,-0.32368843
55,2,1,-0.5631570226290419,0.6482087683191617,5.8,43588,-0.4893175680331609,14,-0.8572993531222477,4,2010,335,12.820452,20000000,1,0.28510265
56,4,1,1.011875599825819,-0.803590581320659,6.6,173229,-0.7885811914294648,10,0.2243873201452946,0,2010,407,7.120403,10500000,1,1.53272819
57,3,1,-0.017294095569725,-0.116039347256169,6.2,88518,1.0857541340526489,16,-0.3164560164884759,6,2010,22,9.819864,70000000,0,-0.250362629
58,3,1,0.3130908685622817,-0.4849422112540174,6.3,115712,-0.33181039782458,12,-0.1812451823300335,6,2010,187,8.371479,25000000,1,2.20059368
59,3,1,-0.2439857571766645,1.4337991696719867,5.7,69859,0.7707397936354868,1,-0.99251018728069,6,2010,415,15.904834,60000000,1,0.342900167
60,4,1,2.394355773338701,0.3729061695816977,6.6,287021,0.9282469638440678,19,0.2243873201452946,4,2010,12,11.73956,65000000,1,0.546754508
61,3,1,-0.1384579275653307,0.6425837309489929,6.4,78545,-0.33181039782458,19,-0.04603434817159,0,2010,375,12.798367,25000000,0,-0.0567706
62,3,1,0.3167599227348149,-0.5357460919005272,7.1,116014,-0.8673347765337552,10,0.9004414909375088,4,2010,34,8.172013,8000000,0,-0.20624275
63,3,1,0.0205627680117758,-0.1365309368681046,5.5,91634,2.030797155304134,17,-1.262931855597576,4,2010,216,9.73941,100000000,1,0.4838378
64,4,1,-0.294647862804026,-0.5006938440871959,6.8,65689,-1.0405926637631944,10,0.4948089884621806,4,2010,181,8.309635,2500000,0,-0.8711372
65,2,1,-0.2895573538692864,-1.2058450648990733,5.9,66108,-0.4893175680331609,14,-0.7220885189638041,6,2010,346,5.541073,20000000,1,2.1475192
66,4,0,0.6532073306817026,-2.5017912736206136,5.9,143707,0.7707397936354868,10,-0.7220885189638041,0,2010,369,0.452934,60000000,1,0.002142767
67,3,1,0.2714434589482302,-0.8102451138708247,6.3,112284,-0.8043319084503229,17,-0.1812451823300335,8,2010,53,7.094276,10000000,1,2.3583175
68,3,1,-0.074140136871985,-1.1665360251650885,6.1,83839,-0.5208190020748772,10,-0.4516668506469194,4,2010,22,5.695408,19000000,1,0.460971842
69,3,0,0.6088871001472625,-0.8941573761224186,7.2,140059,0.2982182830097439,10,1.0356523250959524,6,2010,406,6.76482,45000000,0,-0.654632244
70,3,1,-0.4873461019780261,-0.8341499308224762,6.2,49828,-0.4893175680331609,12,-0.3164560164884759,0,2010,373,7.000421,20000000,1,1.887236
71,3,1,-0.5034316242443635,-0.2018878347324871,4.7,48504,0.3612211510931763,19,-2.3446185288651185,0,2010,299,9.482806,47000000,0,-0.775757149
72,3,1,0.169195909557373,-0.906779516804034,5.5,103868,0.1407111128011629,1,-1.262931855597576,0,2010,418,6.715263,40000000,1,0.6765307
73,4,1,-0.5874796930045761,2.3292399159435235,6.6,41586,-0.8043319084503229,10,0.2243873201452946,3,2010,134,19.42051,10000000,0,-0.6428265
74,3,1,-0.1355178245529035,-0.6620760006827066,4.4,78787,-0.8043319084503229,10,-2.7502510313404467,0,2010,253,7.676017,10000000,1,1.1371425
75,3,1,-0.6358456024776039,-1.2269051436851186,5.4,37605,2.660825836138459,1,-1.3981426897560183,4,2010,182,5.458387,120000000,0,-0.748228167
76,4,1,-0.1349589619968223,-0.9039454760153596,7.2,78833,-1.018541659933993,10,1.0356523250959524,4,2010,328,6.72639,3200000,1,0.809654375
77,2,1,-0.1223845544849952,-0.7623076208432366,6.6,79868,-0.174303227615999,13,0.2243873201452946,1,2010,247,7.282488,30000000,1,0.767748433
78,3,1,-0.5711997837622106,-0.8322213465812754,7.0,42926,-0.9618390786589038,10,0.7652306567790664,6,2010,107,7.007993,5000000,0,-0.5541884
79,4,0,0.3183150185430408,0.2288687908839072,6.8,116142,2.030797155304134,17,0.4948089884621806,0,2010,49,11.174041,100000000,0,-0.6494634
80,3,1,-0.0801418347568571,-0.5941351768903019,6.5,83345,0.4557254532183249,19,0.0891764859868523,6,2010,379,7.942766,50000000,0,-0.34506118
81,2,1,-0.6909421609956098,-0.9199833910311992,5.4,33070,-0.2373060956994314,10,-1.3981426897560183,0,2010,241,6.663422,28000000,0,-0.133256143
82,3,0,-0.7055940793137387,-0.9073828998028988,6.9,31864,-0.8673347765337552,10,0.6300198226206241,0,2010,285,6.712894,8000000,0,-0.98535125
83,2,1,-0.2468408158870794,1.88441700375967,7.0,69624,1.4007684744698108,19,0.7652306567790664,2,2010,223,17.674048,80000000,0,-0.304058588
84,4,1,-0.1431718117340157,1.0283800454178038,5.6,78157,0.0462068106760143,19,-1.1277210214391336,0,2010,404,14.313079,37000000,1,0.212850838
85,3,1,-0.4830695885054047,-0.2963874437535263,6.2,50180,-0.174303227615999,13,-0.3164560164884759,6,2010,24,9.111782,30000000,1,0.413340767
86,4,1,0.0196758774336469,-0.7061517406377791,6.3,91561,-0.1113003595325666,17,-0.1812451823300335,0,2010,126,7.502967,32000000,0,-0.568911406
87,4,0,-0.6233197917097839,-1.1249194084071623,6.8,38636,-0.6468247382417419,10,0.4948089884621806,6,2010,228,5.858803,15000000,0,-0.704062467
88,2,1,-0.6877104775191402,-0.8992870230608478,5.0,33336,0.3927225851348925,16,-1.93898602638979,4,2010,283,6.74468,48000000,1,0.250463667
89,4,1,-0.6456135480230233,-0.6268668580077033,6.5,36801,-1.0988703167403693,10,0.0891764859868523,6,2010,349,7.814255,650000,0,-0.971586154
90,2,1,-0.8219346844666438,-0.6607092834298957,7.2,22288,-0.016796057407418,18,1.0356523250959524,3,2010,330,7.681383,35000000,1,0.706113
91,4,0,-0.7471685938117798,-1.265742225336834,5.8,28442,-1.1035955318466268,10,-0.8572993531222477,4,2010,386,5.305905,500000,0,-0.803966
92,4,1,-0.7275112108609235,-1.0062427087216026,6.1,30060,-0.7098276063251743,10,-0.4516668506469194,5,2010,212,6.324751,13000000,0,-0.983464154
93,4,1,-0.6341690148093604,0.2119926599755965,5.5,37743,-0.8043319084503229,10,-1.262931855597576,0,2010,485,11.107782,10000000,0,-0.1539005
94,4,1,-0.5319943605345138,-1.1177447795785322,7.1,46153,-0.8988362105754715,10,0.9004414909375088,4,2010,439,5.886972,7000000,0,-0.945293429
95,4,1,-0.978124619705339,0.1754985585714782,6.5,9432,-0.99334051270062,10,0.0891764859868523,4,2010,2,10.964499,4000000,0,-0.9865925
96,4,1,-0.641434228038416,0.1907711017377654,7.2,37145,-0.7255783233460324,10,1.0356523250959524,3,2010,361,11.024462,12500000,0,-0.45734968
97,4,1,-0.5768613044390332,0.2920021625431018,6.2,42460,-0.33181039782458,10,-0.3164560164884759,5,2010,487,11.421915,25000000,0,-0.99972356
98,3,1,-0.7886216164498031,-1.2210305008531983,6.9,25030,-0.33181039782458,10,0.6300198226206241,5,2010,178,5.481452,25000000,0,-0.53847184
99,4,1,-0.7122032364986991,0.0368175093232986,6.3,31320,-0.8988362105754715,10,-0.1812451823300335,4,2010,296,10.42001,7000000,1,0.065063857
100,2,1,-0.879704063905038,-0.9365709474617916,4.6,17533,1.4007684744698108,19,-2.479829363023562,2,2010,171,6.598296,80000000,1,0.253075138
101,3,1,-0.9046706411386656,-1.4501143184568446,6.3,15478,-0.6468247382417419,12,-0.1812451823300335,6,2010,432,4.582024,15000000,1,0.347928067
102,4,1,-0.8274747132834487,-1.1052983815179458,6.8,21832,-1.1035955318466268,10,0.4948089884621806,4,2010,352,5.935839,500000,0,-0.90314
103,4,1,-1.061638124281474,-1.40653320483516,5.7,2558,-0.33181039782458,10,-0.99251018728069,3,2010,297,4.753132,25000000,0,-0.99460384
104,4,0,-0.9480918319089752,-1.515110052500041,7.2,11904,-0.8925359237671282,10,1.0356523250959524,3,2010,486,4.326838,7200000,0,-0.847944722
105,4,0,-0.8111219089250725,-1.2135543078748614,6.3,23178,0.2982182830097439,10,-0.1812451823300335,0,2010,438,5.510805,45000000,0,-0.874127756
106,4,1,-0.8823890340114281,-1.27158222904345,4.8,17312,-0.33181039782458,10,-2.209407694706676,8,2010,481,5.282976,25000000,0,-0.4145004
107,3,1,-0.9279849290760536,0.6338243621376959,5.1,13559,-0.4893175680331609,10,-1.803775192231348,0,2010,463,12.763976,20000000,0,-0.9408323
108,4,0,-0.9050958626487275,-0.4392692510431907,6.2,15443,-0.6468247382417419,10,-0.3164560164884759,3,2010,357,8.5508,15000000,0,-0.9306754
109,4,1,-0.8920962336268385,-1.3066775210639607,6.0,16513,-0.7413290403668905,10,-0.5868776848053618,4,2010,417,5.145185,12000000,0,-0.991509833
110,4,1,-0.8149367533296269,-0.4727298819886847,4.9,22864,-0.8043319084503229,10,-2.0741968605482324,8,2010,35,8.419427,10000000,0,-0.9977803
111,2,1,-0.951347813757448,-0.5371629849451391,5.3,11636,-0.4893175680331609,10,-1.5333535239144618,2,2010,69,8.16645,20000000,1,0.25389885
112,3,1,3.823986937724434,-0.0074586790995264,7.4,404694,0.4557254532183249,10,1.3060739934128385,4,2011,86,10.246173,50000000,1,0.68702394
113,3,1,1.432589761880951,0.892484644062653,6.1,207858,1.463771342553243,19,-0.4516668506469194,0,2011,490,13.779527,82000000,0,-0.556189
114,3,1,3.344458566234756,0.7249176207041891,8.2,365224,-0.33181039782458,10,2.3877606666803795,6,2011,143,13.121626,25000000,0,-0.4537154
115,4,1,0.6683330672539004,0.0224679969665878,6.0,144952,1.2432613042612295,10,-0.5868776848053618,0,2011,66,10.363671,75000000,1,0.113386893
116,3,1,2.5964574824780677,2.3571042905567845,7.0,303656,0.4557254532183249,11,0.7652306567790664,9,2011,170,19.529911,50000000,1,1.54008358
117,3,1,2.8509829292150517,0.0125199458185655,6.7,324606,0.1407111128011629,10,0.3595981543037382,0,2011,30,10.324613,40000000,0,-0.061997625
118,2,1,0.3520168605119379,0.073275698104859,7.1,118916,0.4557254532183249,16,0.9004414909375088,4,2011,21,10.563152,50000000,1,0.512491
119,3,1,1.1650889844940815,-0.2566092476312302,6.4,185840,1.4007684744698108,1,-0.04603434817159,4,2011,22,9.267959,80000000,1,0.287851363
120,4,1,1.1515790896601188,-0.8833015761318662,7.3,184728,0.1407111128011629,10,1.1708631592543948,5,2011,225,6.807442,40000000,1,0.45023
121,4,1,3.4636177825400707,-0.1065922899278042,6.9,375032,-0.016796057407418,9,0.6300198226206241,4,2011,325,9.856955,35000000,1,2.358244543
122,3,1,1.405351286864993,-0.2259391038683295,6.1,205616,0.7707397936354868,4,-0.4516668506469194,0,2011,20,9.388376,60000000,0,-0.081659383
123,4,1,0.248202066126853,-0.0699751686889657,6.2,110371,0.1407111128011629,3,-0.3164560164884759,8,2011,272,10.000721,40000000,0,-0.0454768
124,4,1,2.4615893686724704,-0.0678647290399178,6.6,292555,-0.016796057407418,12,0.2243873201452946,4,2011,266,10.009007,35000000,1,0.5943644
125,3,1,2.581987801949965,1.4034463814247409,7.6,302465,0.4557254532183249,1,1.576495661729723,3,2011,455,15.785663,50000000,1,0.51210984
126,3,1,0.3220083710875775,0.245416868899631,7.0,116446,-0.6468247382417419,10,0.7652306567790664,6,2011,109,11.239012,15000000,0,-0.077081933
127,4,1,1.1165408372310277,-0.3552770131640561,6.2,181844,-0.33181039782458,11,-0.3164560164884759,4,2011,122,8.88057,25000000,1,1.8264888
128,3,1,3.341834342058375,2.144536713537517,7.5,365008,2.81833300634704,19,1.4412848275712806,0,2011,326,18.695329,125000000,1,0.494787344
129,3,1,0.93033026338197,-0.5614241264284123,6.8,166517,-0.174303227615999,10,0.4948089884621806,0,2011,429,8.071196,30000000,1,0.341970633
130,3,1,1.4819154570481183,-0.2178078239026217,7.1,211918,0.4620257400266681,17,0.9004414909375088,10,2011,150,9.420301,50200000,1,0.244933167
131,4,1,1.5121061842625054,1.0293150471015662,6.8,214403,-0.33181039782458,10,0.4948089884621806,0,2011,208,14.31675,25000000,1,1.06320544
132,3,1,2.167348232895716,2.289772198451711,7.1,268336,2.3458114957212968,4,0.9004414909375088,0,2011,215,19.265552,110000000,0,-0.223013564
133,2,1,1.3160669189380196,0.0780571708940908,7.2,198267,3.133347346764202,11,1.0356523250959524,2,2011,220,10.581925,135000000,0,-0.085351059
134,3,1,0.6840176663821795,0.2366366147333714,6.8,146243,-0.1113003595325666,10,0.4948089884621806,6,2011,461,11.204539,32000000,0,-0.584271281
135,4,1,1.5039662296413223,0.3869637963678305,7.3,213733,-0.4893175680331609,6,1.1708631592543948,4,2011,18,11.794753,20000000,1,3.129208
136,4,1,1.403042941524658,-0.0080579869071793,7.0,205426,0.1407111128011629,17,0.7652306567790664,1,2011,436,10.24382,40000000,0,-0.064676375
137,4,1,0.6583464363604493,-0.8581619762429004,6.3,144130,0.5187283213017573,17,-0.1812451823300335,4,2011,235,6.906145,52000000,0,-0.286894712
138,3,1,1.213175462689069,-0.5173196054354036,6.6,189798,0.7707397936354868,19,0.2243873201452946,6,2011,425,8.244359,60000000,1,0.260968283
139,4,1,-0.3232591958381834,-0.9738148840489652,6.7,63334,-0.7728304744086067,10,0.3595981543037382,5,2011,476,6.452069,11000000,0,-0.819294364
140,2,1,-0.6268187572782923,0.1868464379009107,7.1,38348,-0.5523204361165933,10,0.9004414909375088,3,2011,427,11.009053,18000000,1,1.436301333
141,4,1,0.2225065377331193,-0.291051999658878,5.9,108256,0.0147053766342981,9,-0.7220885189638041,4,2011,372,9.13273,36000000,1,0.251687056
142,2,1,1.1921816692780185,2.273459208029045,7.4,188070,3.133347346764202,1,1.3060739934128385,2,2011,160,19.201504,135000000,0,-0.425245696
143,3,0,-0.106238286288649,-0.5636191262951146,6.4,81197,0.1407111128011629,10,-0.04603434817159,0,2011,284,8.062578,40000000,0,-0.08335365
144,4,1,-0.0108671761747911,-1.1720523058697805,5.6,89047,0.4525753098141533,17,-1.1277210214391336,1,2011,95,5.67375,49900000,0,-0.567205511
145,2,1,0.0703987289910172,0.1001480183573865,6.3,95736,0.2982182830097439,17,-0.1812451823300335,0,2011,157,10.668658,45000000,0,-0.815422889
146,4,1,1.319735973110553,-0.8784551549826891,7.1,198569,-0.7255783233460324,1,0.9004414909375088,6,2011,147,6.82647,12500000,1,2.27700272
147,4,1,0.2306829399123074,-0.1900249531136056,6.6,108929,-0.016796057407418,10,0.2243873201452946,3,2011,119,9.529382,35000000,1,0.065886571
148,4,1,0.1169422605637802,-0.4927670877804535,7.1,99567,-1.0090912297214782,10,0.9004414909375088,6,2011,168,8.340757,3500000,1,0.529725429
149,2,1,-0.2188855388970173,-0.0141865650915128,5.5,71925,2.3458114957212968,1,-1.262931855597576,2,2011,166,10.219758,110000000,1,0.296492345
150,4,0,-0.0287021812253826,-0.08731790899108,6.6,87579,-0.7098276063251743,10,0.2243873201452946,0,2011,209,9.93263,13000000,0,-0.921217308
151,3,1,-0.2636309909415191,-0.7414031634216093,5.6,68242,-0.5838218701583096,10,-1.1277210214391336,6,2011,89,7.364563,17000000,1,0.639151235
152,4,1,-0.0006618599333082,0.6716510510682222,5.9,89887,0.1407111128011629,9,-0.7220885189638041,8,2011,127,12.912491,40000000,1,0.064691075
153,4,1,-0.4079268730844861,-1.0021919686566187,6.2,56365,-0.99334051270062,10,-0.3164560164884759,0,2011,271,6.340655,4000000,0,-0.7238295
154,3,1,0.1239766392588024,-0.668838525799997,6.9,100146,0.0777082447177305,5,0.6300198226206241,6,2011,394,7.649466,38000000,1,0.544992553
155,4,1,-0.3218741886339821,-0.8449326320706589,6.1,63448,-0.4893175680331609,10,-0.4516668506469194,4,2011,139,6.958086,20000000,0,-0.29959035
156,4,1,-0.5330270413446638,-0.5457308197694596,6.3,46068,-0.3948132659080123,10,-0.1812451823300335,4,2011,175,8.132811,23000000,0,-0.698961261
157,3,1,0.3221663105056004,-0.6399426184111331,6.2,116459,1.2432613042612295,17,-0.3164560164884759,0,2011,4,7.762917,75000000,1,0.040620933
158,4,1,-0.0539724881090545,-0.6639067803348133,5.4,85499,0.4557254532183249,13,-1.3981426897560183,0,2011,468,7.668829,50000000,0,-0.78586428
159,3,1,-0.4269039016192436,-0.0712751546856761,6.0,54803,0.6132326234269059,10,-0.5868776848053618,6,2011,108,9.995617,55000000,0,-0.613028364
160,3,1,-0.4414464772633567,0.1280044972876742,6.1,53606,-0.174303227615999,17,-0.4516668506469194,4,2011,473,10.778028,30000000,1,0.1869415
161,4,0,0.260679280150666,-0.5676805637370306,6.5,111398,1.0857541340526489,10,0.0891764859868523,0,2011,306,8.046632,70000000,0,-0.641071629
162,4,0,-0.2487725364613601,0.2499056920199326,7.3,69465,-0.9303376446171876,10,1.1708631592543948,4,2011,222,11.256636,6000000,0,-0.106704333
163,3,1,-0.0293946848274832,-0.6238626779859171,6.9,87522,0.1407111128011629,19,0.6300198226206241,1,2011,128,7.82605,40000000,0,-0.203802975
164,3,1,-0.4727913771479112,-1.2231602976605047,5.9,51026,-0.016796057407418,10,-0.7220885189638041,4,2011,199,5.47309,35000000,1,0.115613971
165,4,1,0.0075388406178833,-0.0420134988855116,6.2,90562,0.2982182830097439,10,-0.3164560164884759,4,2011,55,10.110504,45000000,0,-0.708887956
166,3,0,-0.0133699084911547,-0.7269662891532858,6.4,88841,-0.7098276063251743,10,-0.04603434817159,3,2011,3,7.421245,13000000,1,1.309076308
167,4,1,-0.7403650496507912,-0.4367411042948865,5.5,29002,-1.0957201733361976,10,-1.262931855597576,8,2011,464,8.560726,750000,0,-0.896665333
168,3,1,-0.5366717971451934,-0.7035792761850413,5.3,45768,1.0857541340526489,17,-1.5333535239144618,4,2011,22,7.513067,70000000,0,-0.307495857
169,2,1,-0.1397335920955161,-0.0155591404316915,7.1,78440,0.2982182830097439,18,0.9004414909375088,1,2011,193,10.214369,45000000,1,0.969583044
170,3,1,-0.463898172994619,-0.5471110360931609,4.9,51758,-0.174303227615999,13,-2.0741968605482324,0,2011,237,8.127392,30000000,0,-0.285773167
171,3,1,-0.116492199274139,0.8139434838288143,5.4,80353,0.1407111128011629,10,-1.3981426897560183,0,2011,44,13.471159,40000000,0,-0.3793193
172,0,0,-0.5426734950300656,-0.2625921377297254,6.0,45274,0.0147053766342981,14,-0.5868776848053618,2,2011,401,9.244469,36000000,1,1.776879722
173,4,1,-0.6348858167834645,-1.0936344201701125,7.1,37684,-0.7413290403668905,10,0.9004414909375088,3,2011,243,5.981634,12000000,0,-0.901024083
174,4,0,-0.9652100349854624,-1.350155481408085,6.2,10495,-0.6468247382417419,10,-0.3164560164884759,6,2011,286,4.974482,15000000,0,-0.961103
175,3,0,-0.3972720369609379,-1.0387989019174264,6.2,57242,-0.33181039782458,10,-0.3164560164884759,0,2011,202,6.196929,25000000,0,-0.22039836
176,4,1,-0.4050353668160659,-1.1201139938695586,6.8,56603,-0.174303227615999,10,0.4948089884621806,0,2011,190,5.87767,30000000,0,-0.982043667
177,4,1,-0.5966280300639054,-0.006230008949031,6.2,40833,-0.5838218701583096,10,-0.3164560164884759,0,2011,469,10.250997,17000000,0,-0.997583471
178,4,1,-0.2651131916337345,-1.0525567474500075,6.3,68120,-0.7413290403668905,11,-0.1812451823300335,4,2011,115,6.142913,12000000,1,0.359297583
179,2,1,-0.7763144910300148,-0.3491851117006327,5.5,26043,0.8652440957606354,17,-1.262931855597576,2,2011,78,8.904488,63000000,1,0.715639762
180,2,0,-0.8604962008362469,-0.9118821656006818,6.9,19114,0.0462068106760143,10,0.6300198226206241,6,2011,260,6.695229,37000000,1,0.95369673
181,2,1,-0.5071128276028983,0.2714145512382277,5.2,48201,1.4007684744698108,1,-1.6685643580729042,4,2011,347,11.341084,80000000,1,0.004510538
182,3,1,-0.5750510757247702,-1.2202849955608064,6.7,42609,-0.4578161339914448,13,0.3595981543037382,6,2011,275,5.484379,21000000,0,-0.953770667
183,3,0,-0.6543852603162978,0.7993583744801448,6.9,36079,-0.174303227615999,1,0.6300198226206241,6,2011,223,13.413895,30000000,0,-0.8512236
184,4,1,-0.8391743794031488,-1.1208251147360977,5.8,20869,-0.7413290403668905,10,-0.8572993531222477,5,2011,179,5.874878,12000000,0,-0.919230083
185,2,1,-0.838749157893087,-0.4712184954478388,6.6,20904,-0.4578161339914448,5,0.2243873201452946,4,2011,137,8.425361,21000000,1,1.509454048
186,0,1,-0.8868963820180831,-0.7431557503423311,7.2,16941,-0.174303227615999,18,1.0356523250959524,2,2011,445,7.357682,30000000,0,-0.110238467
187,1,0,-0.6141350070924493,0.1657025629955635,6.1,39392,-1.0248419467423362,10,-0.4516668506469194,0,2011,213,10.926038,3000000,0,-0.765666
188,2,0,-0.6678101108482486,-0.288934173725758,5.9,34974,3.133347346764202,19,-0.7220885189638041,2,2011,149,9.141045,135000000,0,-0.52587803
189,4,1,-0.4966159308973731,-0.8340597672169051,5.9,49065,-0.174303227615999,17,-0.7220885189638041,1,2011,214,7.000775,30000000,0,-0.2309985
190,4,1,-0.6344605952734027,-0.6030993240600145,6.2,37719,-0.8043319084503229,10,-0.3164560164884759,4,2011,201,7.907571,10000000,0,-0.2749946
191,4,0,-0.8394781090531929,-1.2471150357045069,6.7,20844,-0.8673347765337552,10,0.3595981543037382,6,2011,138,5.379039,8000000,0,-0.623163
192,3,1,-0.4960935158992972,0.1111214894941925,5.2,49108,-0.9618390786589038,3,-1.6685643580729042,8,2011,52,10.711742,5000000,1,2.5373858
193,0,1,-0.7897271923759638,-0.5626474478904421,4.4,24939,1.2432613042612295,5,-2.7502510313404467,2,2011,240,8.066393,75000000,1,0.774809893
194,2,1,-0.6438883636107726,-0.0019235506354777,6.2,36943,0.1722125468428791,5,-0.3164560164884759,4,2011,161,10.267905,41000000,0,-0.824289317
195,2,1,-0.9290176098862036,-1.0462572659342098,5.4,13474,-0.8673347765337552,10,-1.3981426897560183,4,2011,263,6.167646,8000000,1,0.266277375
196,4,1,-0.7032735847874017,-1.911057922978036,4.4,32055,-0.7098276063251743,10,-2.7502510313404467,6,2011,33,2.772269,13000000,0,-0.976624846
197,4,1,-0.890990657700678,-1.3734342471097536,6.6,16604,-0.8043319084503229,10,0.2243873201452946,6,2011,308,4.883085,10000000,0,-0.9994824
198,1,0,-0.7431229148731919,-0.545746865834858,6.4,28775,-0.9618390786589038,10,-0.04603434817159,4,2011,235,8.132748,5000000,0,-0.9997804
199,3,1,-0.8321642990801301,-0.6904087675859267,4.4,21446,-0.1113003595325666,10,-2.7502510313404467,0,2011,303,7.564777,32000000,1,0.184856688
200,4,1,-0.9708837048482868,-1.107314327670759,6.1,10028,-0.8673347765337552,10,-0.4516668506469194,0,2011,145,5.927924,8000000,0,-0.99785175
201,3,1,1.7250692656874498,0.1936970890281663,7.2,231932,-0.5838218701583096,10,1.0356523250959524,4,2012,264,11.03595,17000000,1,2.823593706
202,3,1,2.0353837745445404,0.6404047771476886,7.0,257474,0.7707397936354868,11,0.7652306567790664,0,2012,280,12.789812,60000000,1,0.334512267
203,3,1,3.608193095961078,0.6368051098100116,8.0,386932,-0.7098276063251743,13,2.1173389983634947,6,2012,442,12.775679,13000000,1,0.364505385
204,4,1,2.602386285246929,1.1554442527165418,7.0,304144,-0.174303227615999,10,0.7652306567790664,8,2012,254,14.811958,30000000,1,0.402442567
205,3,1,2.082619809719404,-0.4031954037328369,7.8,261362,-0.6153233042000257,10,1.8469173300466089,1,2012,480,8.692433,16000000,1,1.844529125
206,4,1,1.1071009197076558,-0.5525366437933804,6.7,181067,0.4557254532183249,17,0.3595981543037382,4,2012,234,8.10609,50000000,1,0.14023042
207,4,1,1.4043064568688417,-0.7087774372757268,7.3,205530,-0.6468247382417419,10,1.1708631592543948,5,2012,113,7.492658,15000000,1,0.4255532
208,3,1,1.946706865917655,1.176592457512552,6.7,250175,2.81833300634704,17,0.3595981543037382,0,2012,475,14.89499,125000000,0,-0.09436904
209,4,1,0.3203439326053356,1.1600993945781937,5.3,116309,-0.9618390786589038,10,-1.5333535239144618,5,2012,158,14.830235,5000000,1,1.8247546
210,4,0,1.557981510605171,0.4780562908359715,7.1,218179,-0.016796057407418,10,0.9004414909375088,0,2012,227,12.1524,35000000,0,-0.616722457
211,4,1,1.328945056099891,-0.5876003530819963,7.3,199327,-0.3003089637828637,10,1.1708631592543948,5,2012,348,7.968423,26000000,1,0.438466423
212,3,1,-0.2963365996582714,0.5813730854436313,5.9,65550,1.2432613042612295,9,-0.7220885189638041,4,2012,258,12.558042,75000000,0,-0.486418493
213,2,1,1.1056065698294386,1.5171141617115345,7.1,180944,1.5582756446783916,1,0.9004414909375088,2,2012,374,16.231945,85000000,1,0.744859388
214,3,1,0.8181325306556672,0.53262335586755,6.3,157282,0.9282469638440678,10,-0.1812451823300335,0,2012,466,12.366641,65000000,0,-0.157526292
215,4,1,-0.1689523844297618,-0.3442778173827225,5.6,76035,1.0857541340526489,1,-1.1277210214391336,4,2012,99,8.923755,70000000,0,-0.472413014
216,4,1,1.7024231829801593,-0.720639554796256,6.4,230068,0.9282469638440678,11,-0.04603434817159,4,2012,416,7.446085,65000000,0,-0.082304277
217,4,0,1.347533310682592,-0.1609494826119515,7.2,200857,-0.6468247382417419,10,1.0356523250959524,4,2012,301,9.643538,15000000,1,0.001603267
218,4,1,0.2417994451039227,0.2912092831528667,6.2,109844,-0.016796057407418,10,-0.3164560164884759,4,2012,255,11.418802,35000000,1,0.929843
219,2,1,-0.1971020483958521,-0.2069145830928067,5.8,73718,1.3692670404280944,9,-0.8572993531222477,0,2012,48,9.46307,79000000,1,0.314687215
220,4,1,-0.0604844518060007,-0.6577975593087376,7.2,84963,-0.8673347765337552,6,1.0356523250959524,4,2012,492,7.692815,8000000,0,-0.68248675
221,4,1,2.084114159597621,1.1731733720854678,6.6,261485,2.030797155304134,10,0.2243873201452946,0,2012,396,14.881566,100000000,0,-0.14982599
222,4,0,0.3266736585122554,-2.3755049184445154,5.4,116830,0.9282469638440678,10,-1.3981426897560183,0,2012,369,0.948759,65000000,0,-0.348530292
223,3,1,-0.3496350786480159,-0.765105494309902,5.7,61163,0.1407111128011629,10,-0.99251018728069,4,2012,434,7.271503,40000000,1,0.028805075
224,4,1,-0.6084856356016284,0.1573448552181249,5.3,39857,-1.0248419467423362,10,-1.5333535239144618,4,2012,281,10.893224,3000000,0,-0.850682
225,4,1,-0.0840781710214291,0.6545986681399816,6.2,83021,-0.174303227615999,17,-0.3164560164884759,4,2012,193,12.84554,30000000,0,-0.038815733
226,4,1,-0.4150098485235153,-0.5003601878066922,5.4,55782,-0.6468247382417419,10,-1.3981426897560183,0,2012,387,8.310945,15000000,1,0.042272667
227,4,1,0.5497084151326636,-0.5992622768342234,5.9,135188,1.0542527000109323,10,-0.7220885189638041,0,2012,428,7.922636,69000000,0,-0.456244362
228,4,0,-0.6609336715712494,-0.7519171567492338,6.1,35540,-0.33181039782458,10,-0.4516668506469194,1,2012,173,7.323283,25000000,0,-0.97128988
229,3,1,-0.3064447224117402,-1.066041045772466,7.1,64718,-0.9303376446171876,10,0.9004414909375088,6,2012,50,6.089971,6000000,1,0.915806333
230,4,1,-0.3622945304618554,0.7275922196366842,6.9,60121,-0.8043319084503229,10,0.6300198226206241,0,2012,337,13.132127,10000000,0,-0.8060559
231,3,1,0.4989005192732809,0.0643665660165119,6.6,131006,0.2037139808845953,13,0.2243873201452946,0,2012,360,10.528173,42000000,0,-0.556666667
232,4,1,0.0620643873938062,-0.8476204753745934,6.7,95050,-0.8043319084503229,10,0.3595981543037382,1,2012,282,6.947533,10000000,0,-0.3380827
233,3,0,-0.051773485442735,-0.3828627465781794,6.1,85680,-0.4893175680331609,10,-0.4516668506469194,0,2012,447,8.772263,20000000,0,-0.2836568
234,2,1,-0.1257134314494789,0.0380981381617508,7.0,79594,0.7707397936354868,10,0.7652306567790664,2,2012,68,10.425038,60000000,0,-0.066615817
235,3,1,-0.4645542290387143,-1.0807957849553458,6.8,51704,0.7707397936354868,19,0.4948089884621806,6,2012,389,6.032041,60000000,0,-0.403947717
236,3,1,-0.6527815677640648,-1.0068325926495771,5.3,36211,0.1407111128011629,10,-1.5333535239144618,0,2012,441,6.322435,40000000,0,-0.339636825
237,4,1,0.3385312640499784,-0.8909721047911378,6.2,117806,-0.6468247382417419,10,-0.3164560164884759,5,2012,27,6.777326,15000000,1,0.001737067
238,2,1,0.8334769525758967,0.7626014232428358,6.6,158545,1.8732899850955536,10,0.2243873201452946,2,2012,318,13.26958,95000000,1,0.698124663
239,2,1,-0.1463548984664782,0.798261383945695,6.4,77895,0.2037139808845953,1,-0.04603434817159,0,2012,22,13.409588,42000000,1,0.078340905
240,4,1,-0.8180104973880735,-0.0749672779239813,5.1,22611,-1.0405926637631944,10,-1.803775192231348,8,2012,403,9.981121,2500000,0,-0.5345968
241,4,1,0.2394425030195802,0.764483906883448,5.7,109650,1.0227512659692164,16,-0.99251018728069,0,2012,188,13.276971,68000000,0,-0.480102941
242,4,1,0.2697547220939847,-0.6861588525504437,6.1,112145,1.8732899850955536,19,-0.4516668506469194,4,2012,70,7.581463,95000000,0,-0.085181621
243,3,1,-0.6484807559194399,1.1795548668244122,7.1,36565,-0.6153233042000257,4,0.9004414909375088,4,2012,16,14.906621,16000000,0,-0.224225875
244,4,1,-0.9883299359468218,-1.225050167585189,4.8,8592,-1.0405926637631944,10,-2.209407694706676,6,2012,444,5.46567,2500000,0,-0.998896
245,3,1,-0.5058007155147077,-0.6152237820148327,6.5,48309,-0.0797989254908504,10,0.0891764859868523,6,2012,23,7.859968,33000000,1,0.062869
246,4,1,-0.2918899975816253,0.4871541552173363,7.6,65916,-0.8043319084503229,10,1.576495661729723,6,2012,31,12.18812,10000000,0,-0.256405
247,2,1,-0.6066754068873653,-1.2349195166029243,6.6,40006,-0.33181039782458,10,0.2243873201452946,4,2012,377,5.426921,25000000,1,1.074138
248,4,1,-0.5557703175399685,-1.1377325736768524,6.6,44196,-0.7413290403668905,10,0.2243873201452946,6,2012,344,5.808496,12000000,0,-0.340143083
249,3,1,0.126017702507099,-1.17688293565301,6.5,100314,-0.016796057407418,1,0.0891764859868523,0,2012,106,5.654784,35000000,0,-0.420701543
250,3,1,-0.7328325543296967,-0.5084239724179469,5.1,29622,-0.016796057407418,10,-1.803775192231348,0,2012,293,8.279285,35000000,0,-0.260331086
251,2,1,-0.8792788423949761,-0.0127100723754219,6.3,17568,-0.4263146999497285,5,-0.1812451823300335,4,2012,313,10.225555,22000000,1,1.227666455
252,3,1,-0.7270616909788582,-0.7971130648887755,5.9,30097,0.7077369255520545,16,-0.7220885189638041,0,2012,224,7.145835,58000000,0,-0.140062466
253,4,1,-0.511996800375608,-1.1510090372474855,6.5,47799,-0.6468247382417419,10,0.0891764859868523,4,2012,355,5.75637,15000000,0,-0.779930267
254,2,1,-0.7639952164242249,-0.3335860438384634,7.2,27057,-0.4893175680331609,5,1.0356523250959524,3,2012,261,8.965733,20000000,0,-0.6998622
255,3,1,-0.4163584081697112,-0.25061489605745,7.1,55671,-1.0405926637631944,10,0.9004414909375088,4,2012,76,9.291494,2500000,1,0.3302552
256,2,1,-0.8967250734935112,-1.048362866293693,6.5,16132,0.1407111128011629,17,0.0891764859868523,3,2012,172,6.159379,40000000,0,-0.497150875
257,4,1,-0.9123732250637848,-0.7825959602934606,6.0,14844,-1.0279920901465078,10,-0.5868776848053618,8,2012,101,7.202832,2900000,0,-0.975124138
258,3,1,-0.946597482030758,-0.8618097817767726,5.4,12027,-0.6783261722834582,11,-1.3981426897560183,1,2012,312,6.891823,14000000,0,-0.328399286
259,4,1,-0.9196870350368476,0.0263101381813941,6.0,14242,-1.092570029932026,10,-0.5868776848053618,4,2012,277,10.378756,850000,1,0.463483529
260,3,1,-0.7034679717634299,-0.7122525565819792,5.8,32039,0.1407111128011629,11,-0.8572993531222477,4,2012,86,7.479014,40000000,0,-0.071644625
261,4,1,-0.8847459760957705,0.6652316061111139,5.0,17118,-0.7570797573877486,10,-1.93898602638979,0,2012,217,12.887287,11500000,0,-0.999525217
262,3,1,-0.6871273165910555,-1.2298703546909375,5.9,33384,0.1407111128011629,4,-0.7220885189638041,4,2012,452,5.446745,40000000,0,-0.539046275
263,4,1,-0.9786591838894166,-1.3046518963320175,4.8,9388,-0.2892834618682631,10,-2.209407694706676,4,2012,84,5.153138,26350000,0,-0.999203112
264,4,1,-0.8480311359984357,-0.3374294585505239,4.7,20140,-1.0248419467423362,10,-2.3446185288651185,8,2012,73,8.950643,3000000,0,-0.999322
265,4,1,-1.0458198841071755,-1.9323816156956244,6.0,3860,-0.4893175680331609,10,-0.5868776848053618,6,2012,100,2.688548,20000000,0,-0.96963365
266,4,1,3.8252261546966144,0.9052165602075488,8.0,404796,-0.3948132659080123,10,2.1173389983634947,6,2013,440,13.829515,23000000,1,0.111663087
267,4,1,3.0683804635306404,2.08825806819679,7.0,342500,0.0462068106760143,9,0.7652306567790664,4,2013,41,18.474368,37000000,1,3.064705919
268,4,1,3.6020699062161885,1.5797934042500132,7.3,386428,0.1407111128011629,1,1.1708631592543948,5,2013,129,16.478036,40000000,1,2.752945175
269,4,1,1.566485940806407,0.1789851393530151,6.5,218879,1.0857541340526489,10,0.0891764859868523,0,2013,83,10.978188,70000000,1,0.413223429
270,4,0,1.6840293153734864,0.2390241673848526,7.8,228554,-0.7413290403668905,10,1.8469173300466089,4,2013,392,11.213913,12000000,1,0.276910083
271,4,1,1.1459661657273033,-0.4314352053365275,6.7,184266,0.7707397936354868,19,0.3595981543037382,0,2013,482,8.581558,60000000,0,-0.233318283
272,4,1,1.6387735975169109,0.1477370825363262,7.5,224829,0.1407111128011629,10,1.4412848275712806,0,2013,375,10.855502,40000000,1,2.127390025
273,4,1,2.9753784446871268,0.2899984419639246,6.6,334845,-0.1113003595325666,1,0.2243873201452946,4,2013,431,11.414048,32000000,1,2.170943813
274,4,1,1.5786108284361688,0.839185472896988,6.6,219877,-0.2373060956994314,17,0.2243873201452946,0,2013,198,13.570264,28000000,1,0.028428036
275,4,1,0.5588931997499982,0.4431242611634018,6.5,135944,-0.5838218701583096,15,0.0891764859868523,7,2013,133,12.01525,17000000,1,2.190579765
276,4,1,3.362074885937316,1.2626166876098983,6.6,366674,2.5033186659298776,15,0.2243873201452946,0,2013,342,15.232738,115000000,0,-0.190868548
277,4,0,1.4298683442165556,-0.1133604184330114,7.0,207634,-0.4893175680331609,17,0.7652306567790664,0,2013,436,9.830382,20000000,1,0.30024255
278,3,1,0.2981352205941086,1.0342656403261068,5.9,114481,0.7707397936354868,10,-0.7220885189638041,0,2013,206,14.336187,60000000,0,-0.480576317
279,3,1,-0.0324684288859299,-0.6818394045649016,6.7,87269,-0.2373060956994314,10,0.3595981543037382,6,2013,88,7.598422,28000000,1,1.548182857
280,4,1,1.245589490941779,0.997442212532148,6.7,192466,0.4557254532183249,13,0.3595981543037382,0,2013,331,14.191611,50000000,0,-0.49735544
281,3,1,1.307866218386828,0.5666675032547496,6.7,197592,2.3458114957212968,10,0.3595981543037382,0,2013,142,12.500305,110000000,0,-0.438752809
282,4,0,0.0110985521164006,-0.8953032689514153,6.8,90855,-0.4263146999497285,10,0.4948089884621806,5,2013,43,6.760321,22000000,0,-0.485143818
283,4,1,1.0028001578825003,-0.2693332680931517,6.5,172482,-0.3003089637828637,11,0.0891764859868523,0,2013,77,9.218002,26000000,1,0.918280423
284,4,0,0.0119125475785188,-0.777506046469351,6.8,90922,-0.7413290403668905,6,0.4948089884621806,6,2013,479,7.222816,12000000,0,-0.858143583
285,2,1,0.8914042714323139,1.1416690876213085,7.2,163313,3.133347346764202,10,1.0356523250959524,2,2013,72,14.757874,135000000,1,0.386432778
286,4,1,0.3706780102106495,0.1059202720100984,6.4,120452,0.2982182830097439,10,-0.04603434817159,0,2013,29,10.691321,45000000,0,-0.732215578
287,1,1,-0.2218985370254551,-0.8721454854888605,7.2,71677,-1.117771177165399,10,1.0356523250959524,9,2013,186,6.851243,50000,1,0.37754
288,3,1,3.3406072742721964,-1.6191677678099794,6.7,364907,2.660825836138459,16,0.3595981543037382,0,2013,294,3.918287,120000000,1,0.104640433
289,3,1,1.2961908506391315,0.0394225753057341,6.9,196631,-0.016796057407418,13,0.6300198226206241,4,2013,244,10.430238,35000000,1,0.896590343
290,4,1,-0.6300382915687601,-0.7795405856820705,4.8,38083,-0.4893175680331609,10,-2.209407694706676,8,2013,7,7.214828,20000000,1,0.71709725
291,3,1,3.2130772688116656,0.8916036386624532,7.8,354410,0.6132326234269059,10,1.8469173300466089,3,2013,39,13.776068,55000000,1,0.947288273
292,4,1,0.3608371695492195,-0.5543516320795394,7.1,119642,-1.0405926637631944,10,0.9004414909375088,4,2013,422,8.098964,2500000,1,1.7407876
293,3,1,0.962792888378687,-2.516836115477916,6.3,169189,0.7077369255520545,16,-0.1812451823300335,4,2013,477,0.393865,58000000,0,-0.229779931
294,3,0,-0.3950851834806201,0.1442703683119491,6.8,57422,-0.7728304744086067,10,0.4948089884621806,4,2013,121,10.841891,11000000,0,-0.686171182
295,2,1,0.0481900169797902,0.0159861506440415,5.9,93908,1.7157828148869727,5,-0.7220885189638041,1,2013,290,10.338222,90000000,0,-0.238227178
296,3,1,0.5652958207729285,0.195322071524054,6.7,136471,1.5267742106366755,13,0.3595981543037382,0,2013,233,11.04233,84000000,0,-0.365921905
297,4,1,0.5426740364376414,-0.172961363409531,6.4,134609,0.0777082447177305,10,-0.04603434817159,0,2013,110,9.596377,38000000,1,0.105924605
298,4,0,-0.06901318037924,1.1958209925481382,7.1,84261,-0.9618390786589038,10,0.9004414909375088,4,2013,236,14.970485,5000000,0,-0.9931358
299,4,1,1.043317693198388,0.5594238508749615,5.3,175817,1.7787856829704052,16,-1.5333535239144618,0,2013,437,12.471865,92000000,0,-0.2679435
300,3,1,0.9656236487170984,0.1202651997766957,4.9,169422,2.9758401765556206,1,-2.0741968605482324,0,2013,141,10.747642,130000000,0,-0.534445408
301,3,1,0.902277792903894,0.595228226166405,7.3,164208,-0.5523204361165933,10,1.1708631592543948,6,2013,489,12.61244,18000000,1,0.855860056
302,4,1,0.0059351480656503,-0.0964682414593026,6.5,90430,-0.4263146999497285,10,0.0891764859868523,0,2013,459,9.896704,22000000,0,-0.100737409
303,4,1,-0.2005038204763463,-0.8458979429890623,7.2,73438,-0.33181039782458,10,1.0356523250959524,6,2013,476,6.954296,25000000,1,0.50954012
304,3,1,0.1128479848811853,-0.2307012194993031,5.6,99230,2.9758401765556206,17,-1.1277210214391336,0,2013,383,9.369679,130000000,0,-0.741393423
305,4,1,-0.3062138878777066,0.2593102145400196,5.9,64737,-0.7098276063251743,10,-0.7220885189638041,4,2013,235,11.29356,13000000,1,0.975567692
306,4,1,-0.3898367351278575,-0.7959534182894374,6.5,57854,-0.174303227615999,10,0.0891764859868523,0,2013,169,7.150388,30000000,0,-0.637302467
307,4,0,-0.3141351571508576,-0.2609073008629077,5.6,64085,-0.4893175680331609,10,-1.1277210214391336,0,2013,276,9.251084,20000000,0,-0.59959195
308,3,1,0.465295870792398,1.236675548549372,7.5,128240,-0.016796057407418,18,1.4412848275712806,3,2013,268,15.130888,35000000,1,1.380045143
309,4,1,0.9585528224640708,0.7796489668815123,6.7,168840,0.8022412276772031,17,0.3595981543037382,0,2013,40,13.336512,61000000,1,0.239548525
310,3,1,-0.0811988139390107,1.023525473886202,5.9,83258,-0.7413290403668905,10,-0.7220885189638041,3,2013,307,14.294019,12000000,1,0.34312025
311,4,1,0.2228102673831634,0.2617757052234357,7.9,108281,-1.0248419467423362,10,1.9821281642050523,6,2013,395,11.30324,3000000,1,1.704875667
312,3,1,-0.2477034080932047,0.8321585697498021,6.5,69553,-0.6468247382417419,10,0.0891764859868523,0,2013,256,13.542675,15000000,1,1.8620308
313,4,1,-0.6874553446131031,-0.9912763142951364,6.2,33357,-0.8043319084503229,10,-0.3164560164884759,3,2013,32,6.383512,10000000,0,-0.9643418
314,4,1,-0.598146678314126,-0.922993174440902,5.6,40708,-0.016796057407418,10,-1.1277210214391336,4,2013,259,6.651605,35000000,0,-0.377587657
315,4,1,0.0951223225046097,0.9394423083031438,6.2,97771,-0.016796057407418,10,-0.3164560164884759,0,2013,218,13.963892,35000000,0,-0.496857657
316,3,1,0.2309745203763498,1.5531992157977228,7.6,108953,-0.5208190020748772,5,1.576495661729723,6,2013,300,16.373622,19000000,1,0.130972684
317,3,1,0.6379601022494871,-0.6812462095440673,6.3,142452,0.4557254532183249,11,-0.1812451823300335,4,2013,483,7.600751,50000000,1,1.54705414
318,2,1,-0.7205740256539155,0.0930689018227937,5.4,30631,2.188304325512716,1,-1.3981426897560183,2,2013,166,10.640864,105000000,0,-0.323640152
319,4,1,0.0702772371309996,-0.4239167322493631,6.7,95726,-0.7098276063251743,15,0.3595981543037382,5,2013,393,8.611077,13000000,1,2.990182923
320,4,1,-0.467676569841168,0.3142876003867824,7.1,51447,-1.0857604594395305,10,0.9004414909375088,5,2013,204,11.509412,1066167,0,-0.757905656
321,3,1,-0.3185453116694984,-0.2266031053364766,5.9,63722,-0.174303227615999,9,-0.7220885189638041,1,2013,242,9.385769,30000000,0,-0.249135967
322,4,0,-0.6264542816982394,0.182150034728235,6.1,38378,-0.8515840595128972,10,-0.4516668506469194,4,2013,362,10.990614,8500000,0,-0.974183765
323,3,1,0.2938101103774801,-0.2847764598914525,6.6,114125,-0.2373060956994314,10,0.2243873201452946,4,2013,86,9.157369,28000000,1,1.282648821
324,2,0,-0.8126405571752933,0.8096161401602985,7.4,23053,-0.7759806178127783,10,1.3060739934128385,3,2013,332,13.454169,10900000,0,-0.015905505
325,3,0,-0.0884640271680663,-0.8528038638971341,7.6,82660,-0.7413290403668905,10,1.576495661729723,3,2013,451,6.927182,12000000,1,2.142309917
326,4,1,-0.4213274252444333,-0.3593427804966355,5.6,55262,-0.174303227615999,10,-1.1277210214391336,5,2013,51,8.864607,30000000,0,-0.3561118
327,3,1,-0.3088016644960826,0.6301755378060211,6.9,64524,-0.8358333424920391,10,0.6300198226206241,0,2013,168,12.74965,9000000,0,-0.304036667
328,4,1,0.0966045231968251,0.2254705908117856,7.7,97893,-0.7413290403668905,10,1.7117064958881665,1,2013,42,11.160699,12000000,1,0.471242667
329,2,1,0.0067977402717756,0.4171843956001288,6.7,90501,2.030797155304134,10,0.3595981543037382,2,2013,184,11.913405,100000000,1,0.07518682
330,3,1,-0.3020345678930993,0.8337206414813505,6.4,65081,-0.3003089637828637,14,-0.04603434817159,4,2013,269,13.548808,26000000,1,0.179388692
331,4,1,-0.7026661254873133,-0.8135236052010857,5.8,32105,-1.0720940978049105,10,-0.8572993531222477,4,2013,287,7.081404,1500000,1,1.298226
332,2,1,-0.2226517865575646,1.053590706453533,6.4,71615,1.3377656063863783,1,-0.04603434817159,2,2013,130,14.412061,78000000,1,0.535814962
333,4,1,-0.6963728471383989,0.1464483033154497,6.2,32623,-0.2373060956994314,4,-0.3164560164884759,3,2013,90,10.850442,28000000,0,-0.883779571
334,4,1,-0.2723298081187831,0.4739194623566286,6.2,67526,-0.016796057407418,10,-0.3164560164884759,5,2013,54,12.136158,35000000,0,-0.4371096
335,3,1,-0.4838471364095177,0.351518547301967,6.4,50116,0.1407111128011629,10,-0.04603434817159,4,2013,465,11.655588,40000000,0,-0.2548185
336,3,0,-0.8936391802490627,-1.2548306461665637,5.5,16386,-0.6468247382417419,10,-1.262931855597576,3,2013,446,5.348746,15000000,0,-0.977891067
337,2,1,-0.2708476074265677,-0.3300151575387227,6.5,67648,3.133347346764202,10,0.0891764859868523,2,2013,96,8.979753,135000000,0,-0.38497683
338,4,1,-0.9269522482659034,-1.254343660816699,6.1,13644,-0.99334051270062,10,-0.4516668506469194,8,2013,464,5.350658,4000000,0,-0.99774025
339,2,1,-0.6390894351400753,0.3384252126364346,5.8,37338,0.4557254532183249,10,-0.8572993531222477,2,2013,219,11.604181,50000000,1,0.80577424
340,3,1,-1.0066752068094875,-1.1814494421057955,6.5,7082,-1.0153915165298215,10,0.0891764859868523,6,2013,410,5.636855,3300000,0,-0.588011212
341,4,1,-0.7224450002981874,0.3957453240313439,6.1,30477,-0.33181039782458,10,-0.4516668506469194,0,2013,321,11.829231,25000000,0,-0.99599424
342,3,0,-0.5529881539455643,-0.952267055814703,6.8,44425,-0.9145869275963296,10,0.4948089884621806,1,2013,491,6.53667,6500000,0,-0.651031385
343,4,0,-0.7432444067332096,-0.6614257529849008,6.1,28765,-0.8515840595128972,10,-0.4516668506469194,0,2013,124,7.67857,8500000,0,-0.999201529
344,4,1,-1.0072097709935652,-1.671767024884939,6.6,7038,-0.9618390786589038,10,0.2243873201452946,6,2013,207,3.711772,5000000,0,-0.991992
345,3,1,-0.9386397651996016,-0.9068006568584476,6.3,12682,-0.8043319084503229,10,-0.1812451823300335,6,2013,378,6.71518,10000000,0,-0.9347645
346,3,0,-0.8123732750832544,0.2655551903733534,7.1,23075,-0.016796057407418,10,0.9004414909375088,3,2013,488,11.318079,35000000,0,-0.762197571
347,4,1,-0.9432686050662742,-1.0629719173907348,6.7,12301,-0.5838218701583096,17,0.3595981543037382,4,2013,288,6.102021,17000000,1,3.148540882
348,4,1,-0.920865506079019,1.9135879865553616,5.8,14145,-0.7413290403668905,10,-0.8572993531222477,4,2013,92,17.788579,12000000,0,-0.978192083
349,4,0,3.228336646429883,0.9844955847502564,7.7,355666,-0.6468247382417419,10,1.7117064958881665,6,2014,15,14.14078,15000000,1,0.6961972
350,3,1,3.404354053223459,2.8773722364509644,6.7,370154,1.5582756446783916,13,0.3595981543037382,1,2014,131,21.572585,85000000,1,0.775857588
351,4,1,2.0042940075660227,1.870156126811826,7.2,254915,0.6132326234269059,1,1.0356523250959524,0,2014,396,17.618057,55000000,1,0.846013418
352,4,1,2.416139263839866,0.159451729074862,7.1,288814,0.4557254532183249,1,0.9004414909375088,0,2014,317,10.901496,50000000,1,2.83438674
353,4,1,3.126344229945063,2.802105492356175,7.9,347271,-0.8515840595128972,10,1.9821281642050523,5,2014,87,21.277073,8500000,1,2.809555059
354,1,0,0.6252642028776423,-0.3674470623205615,6.8,141407,-1.0563433807840523,10,0.4948089884621806,6,2014,200,8.832788,2000000,0,-0.5378605
355,3,1,0.6262482869437853,1.140566493698942,6.1,141488,1.7157828148869727,10,-0.4516668506469194,0,2014,459,14.753545,90000000,0,-0.563082844
356,4,0,0.344192784726801,-0.3847411550275797,8.1,118272,-1.0153915165298215,10,2.252549832521937,4,2014,85,8.764888,3300000,0,-0.05846303
357,4,1,1.8587103117068688,0.669660829559936,6.2,242932,2.3458114957212968,19,-0.3164560164884759,0,2014,490,12.904677,110000000,0,-0.031090445
358,4,1,-0.8203795886584178,-0.9338115336121916,7.1,22416,-0.8673347765337552,10,0.9004414909375088,6,2014,388,6.60913,8000000,0,-0.823635625
359,4,1,0.8071132189520659,-0.3960954018432811,7.3,156375,-0.7728304744086067,10,1.1708631592543948,4,2014,232,8.720309,11000000,1,1.785485091
360,4,1,0.7047198793291877,0.0276228591506428,6.1,147947,0.1407111128011629,10,-0.4516668506469194,4,2014,430,10.38391,40000000,1,0.0784825
361,4,1,0.4391872700746043,2.6356769755426352,6.5,126091,0.9282469638440678,10,0.0891764859868523,5,2014,136,20.623642,65000000,0,-0.788341477
362,3,1,0.7565118592547133,1.538603918471022,6.3,152210,1.0857541340526489,17,-0.1812451823300335,0,2014,305,16.316318,70000000,0,-0.195994929
363,3,1,0.3359070398735971,0.0683862327485023,7.2,117590,0.9282469638440678,10,1.0356523250959524,3,2014,210,10.543955,65000000,1,0.779044538
364,3,1,-0.3462576049395252,1.2791932919641085,5.5,61441,1.8732899850955536,10,-1.262931855597576,0,2014,64,15.297821,95000000,0,-0.818702474
365,3,1,0.0762546366438681,0.0305676942004003,6.5,96218,0.1407111128011629,10,0.0891764859868523,4,2014,164,10.395472,40000000,1,0.15736525
366,3,1,-0.4691952180913887,-0.529388284210504,6.7,51322,-0.3003089637828637,10,0.3595981543037382,6,2014,167,8.196975,26000000,1,0.029280115
367,3,1,0.1886710547182028,0.2443598661789515,6.2,105471,0.7707397936354868,11,-0.3164560164884759,0,2014,5,11.234862,60000000,0,-0.157043133
368,3,1,0.677882327451288,2.036557900183035,6.5,145738,0.959748397885784,4,0.0891764859868523,0,2014,148,18.271383,66000000,0,-0.339732788
369,2,0,-0.1421755784818709,2.359530302825332,6.2,78239,2.881335874430472,16,-0.3164560164884759,1,2014,104,19.539436,127000000,0,-0.104357315
370,4,1,-0.1967497220018009,-0.9763886219989568,6.7,73747,-0.9618390786589038,10,0.3595981543037382,9,2014,435,6.441964,5000000,0,-0.93548
371,3,1,-0.5435846839801979,0.4971073003543737,5.6,45199,-0.174303227615999,10,-1.1277210214391336,0,2014,397,12.227198,30000000,0,-0.740295133
372,3,0,1.2047682259758474,-0.1388828315964785,6.3,189106,2.030797155304134,10,-0.1812451823300335,6,2014,174,9.730176,100000000,0,-0.76977691
373,4,1,0.3291520924566155,-0.5531784864093111,7.0,117034,-0.3633118318662962,10,0.7652306567790664,3,2014,120,8.10357,24000000,0,-0.4959875
374,3,1,-0.0885490714700787,0.8609592195440797,7.3,82653,-0.7098276063251743,10,1.1708631592543948,4,2014,462,13.655752,13000000,1,2.394992154
375,4,1,-0.076885852908384,-0.5641730976005307,6.2,83613,-0.8673347765337552,10,-0.3164560164884759,4,2014,472,8.060403,8000000,1,2.25613525
376,3,1,-0.2790604571637611,-0.7291106038292855,7.0,66972,-0.8043319084503229,10,0.7652306567790664,3,2014,419,7.412826,10000000,1,0.4479776
377,4,1,0.7341695061974668,1.938895942781284,7.4,150371,0.4557254532183249,19,1.3060739934128385,5,2014,351,17.887943,50000000,0,-0.05761224
378,3,1,0.2078303210429868,1.3058796816175764,5.7,107048,-0.016796057407418,17,-0.99251018728069,1,2014,426,15.402597,35000000,1,1.463086
379,4,1,0.4787693180683557,2.7069215059109277,6.3,129349,0.2037139808845953,10,-0.1812451823300335,4,2014,426,20.903362,42000000,1,0.296318024
380,4,1,-0.4535835140791203,1.7605464728740887,7.0,52607,-0.4893175680331609,10,0.7652306567790664,5,2014,168,17.187708,20000000,0,-0.7129845
381,4,1,-0.3655626614963304,0.2644294188009674,6.6,59852,-0.4956178548415041,10,0.2243873201452946,4,2014,245,11.313659,19800000,1,0.731825354
382,3,1,-0.5459416260645404,-0.741667032052603,6.2,45005,0.7707397936354868,10,-0.3164560164884759,6,2014,10,7.363527,60000000,0,-0.999625817
383,4,0,-0.4073194137843978,1.1832930906633063,6.3,56415,-0.4263146999497285,10,-0.1812451823300335,6,2014,413,14.921298,22000000,0,-0.865317636
384,2,1,-0.3477398056317405,1.06752989799506,7.3,61319,-0.4263146999497285,10,1.1708631592543948,4,2014,453,14.466789,22000000,1,1.465491864
385,4,1,0.0706052651530472,1.181669636364123,6.5,95753,-0.2373060956994314,10,0.0891764859868523,5,2014,279,14.914924,28000000,0,-0.060442857
386,3,1,0.2434152868421575,0.2182656527485144,6.1,109977,1.0857541340526489,1,-0.4516668506469194,6,2014,147,11.132411,70000000,1,0.114737429
387,2,0,-0.4065297166942831,1.378275453503331,7.2,56480,0.6132326234269059,10,1.0356523250959524,2,2014,368,15.686837,55000000,1,0.385883236
388,3,1,-0.233707545819171,-0.2189498962398568,5.1,70705,0.9282469638440678,10,-1.803775192231348,0,2014,456,9.415817,65000000,0,-0.706534
389,3,0,-0.2451885265908393,-0.8069862343982723,7.5,69760,-0.4893175680331609,10,1.4412848275712806,3,2014,370,7.107071,20000000,1,1.6038454
390,3,1,-0.7371333661743217,-0.7325788462503674,7.0,29268,-0.5208190020748772,10,0.7652306567790664,3,2014,453,7.399209,19000000,0,-0.871786211
391,3,1,-0.744775204169432,0.0429399747208142,7.4,28639,-0.8043319084503229,10,1.3060739934128385,3,2014,358,10.444048,10000000,1,0.2547189
392,2,1,-0.2873826495749703,3.0375837943707538,6.7,66287,3.0388430446390533,10,0.3595981543037382,2,2014,319,22.201607,132000000,0,-0.368568788
393,4,1,-0.6479704901073657,0.8274142830803823,7.0,36607,-0.9618390786589038,10,0.7652306567790664,3,2014,378,13.524048,5000000,0,-0.5098308
394,3,1,-0.5650765940173208,-1.1917408281134505,6.8,43430,-0.33181039782458,13,0.4948089884621806,6,2014,423,5.596449,25000000,1,0.1532458
395,4,1,-0.78433295379118,-0.8888303371096459,6.7,25383,-0.6153233042000257,11,0.3595981543037382,4,2014,192,6.785735,16000000,0,-0.971177375
396,4,1,-0.6621850377294313,-0.2159615075840184,6.3,35437,-0.8043319084503229,10,-0.1812451823300335,4,2014,354,9.42755,10000000,0,-0.2425934
397,3,1,-0.7539599887867666,-0.4295585797832826,6.0,27883,0.2982182830097439,10,-0.5868776848053618,6,2014,118,8.588926,45000000,0,-0.668791467
398,3,1,-0.557459054394214,-0.7043199421878693,6.8,44057,-0.9303376446171876,10,0.4948089884621806,5,2014,402,7.510159,6000000,0,-0.446815167
399,2,1,-0.6890468879793344,-0.6149599133838392,6.2,33226,-0.2373060956994314,18,-0.3164560164884759,4,2014,399,7.861004,28000000,1,1.391219607
400,4,1,-0.4260291602271164,0.7730379879374274,6.3,54875,-0.6468247382417419,10,-0.1812451823300335,0,2014,320,13.310556,15000000,1,0.665657867
401,4,1,-0.9268307564058856,-0.9257696531537032,5.8,13654,-1.0563433807840523,10,-0.8572993531222477,6,2014,414,6.640704,2000000,0,-0.978359
402,0,1,-0.3084857856600367,-0.5323517123201674,6.3,64550,2.125301457429284,10,-0.1812451823300335,2,2014,116,8.18534,103000000,1,0.277072184
403,4,1,-0.7006007638670132,-1.0509312555552184,6.7,32275,-0.9303376446171876,10,0.3595981543037382,4,2014,6,6.149295,6000000,0,-0.401928
404,4,1,-0.669292311540464,0.6781698288111295,6.4,34852,-0.9618390786589038,10,-0.04603434817159,4,2014,26,12.938085,5000000,0,-0.9119324
405,2,1,-0.5279486815959259,0.3281679563551826,6.8,46486,0.7707397936354868,10,0.4948089884621806,2,2014,163,11.563909,60000000,0,-0.152711583
406,3,1,-0.938202394503538,-1.0141985007657324,6.9,12718,-0.8988362105754715,10,0.6300198226206241,6,2014,151,6.293515,7000000,1,1.088389571
407,2,1,-0.6254701976320963,-0.2092394796793998,7.0,38459,-0.33181039782458,18,0.7652306567790664,3,2014,474,9.453942,25000000,1,0.45791836
408,4,1,-0.6852077452027765,0.2235929464607384,7.0,33542,-1.087844814825769,10,0.7652306567790664,6,2014,380,11.153327,1000000,0,-0.990163
409,4,0,-0.6446659115148856,-0.9459752152824282,6.4,36879,-0.8515840595128972,10,-0.04603434817159,0,2014,211,6.561373,8500000,0,-0.869506
410,2,1,-0.9536683082837852,-1.056532860575917,5.4,11445,-0.9618390786589038,10,-1.3981426897560183,4,2014,231,6.127302,5000000,1,1.0859414
411,4,1,-0.8677249665072974,-0.1865554371952699,6.1,18519,-0.7255783233460324,12,-0.4516668506469194,4,2014,281,9.543004,12500000,1,2.89101472
412,3,0,-0.822335607604702,-0.8489943242120257,4.9,22255,-0.6468247382417419,10,-2.0741968605482324,6,2014,230,6.942139,15000000,1,0.766438867
413,4,1,-0.9115349312296632,0.1755202080247934,7.5,14913,-0.9618390786589038,10,1.4412848275712806,4,2014,62,10.964584,5000000,0,-0.992512
414,2,1,-0.7722202153474199,-0.7718670006293895,6.4,26380,0.4557254532183249,18,-0.04603434817159,1,2014,176,7.244956,50000000,1,0.02366226
415,2,1,-0.8891318322424079,0.5442325568334689,5.8,16757,-0.7098276063251743,10,-0.8572993531222477,1,2014,159,12.412221,13000000,1,1.993607923
416,2,1,-0.9268429055918874,-0.93162672172352,6.7,13653,-0.6468247382417419,10,0.3595981543037382,6,2014,421,6.617708,15000000,1,1.008530867
417,1,0,-0.9434751412283042,-0.734340092952415,6.3,12284,-0.9618390786589038,10,-0.1812451823300335,4,2014,144,7.392294,5000000,0,-0.9855454
418,4,1,-0.9764601812230972,-1.0209949009099748,6.3,9569,-1.0248419467423362,10,-0.1812451823300335,6,2014,339,6.266831,3000000,0,-0.804786667
419,3,1,0.939235616721264,2.616391897228979,6.1,167250,2.3458114957212968,10,-0.4516668506469194,0,2015,59,20.547925,110000000,1,0.410825745
420,4,1,2.0690370197694303,0.7303771034313604,7.8,260244,-0.2373060956994314,10,1.8469173300466089,3,2015,65,13.143061,28000000,1,1.509281071
421,4,1,1.2633151533183546,0.7595162487957062,7.0,193925,0.9282469638440678,16,0.7652306567790664,0,2015,365,13.257467,65000000,1,0.705010954
422,3,1,1.48825733214104,1.1159446977933836,7.3,212440,1.2432613042612295,19,1.1708631592543948,0,2015,156,14.656875,75000000,0,-0.394065213
423,4,0,0.3339874684853181,0.2471103655477746,7.1,117432,-0.6468247382417419,10,0.9004414909375088,3,2015,103,11.245661,15000000,0,-0.152907133
424,4,1,2.399215447739407,1.1097083817413755,8.1,287421,-0.4893175680331609,10,2.252549832521937,5,2015,252,14.63239,20000000,1,1.2527888
425,4,0,-0.0968955622532915,-0.4867959138566933,7.2,81966,-0.7476293271752338,10,1.0356523250959524,6,2015,385,8.364201,11800000,1,0.077245
426,4,1,-0.1110250655733446,-0.5625626329733371,6.6,80803,-0.4893175680331609,10,0.2243873201452946,4,2015,453,8.066726,20000000,0,-0.3174631
427,3,1,0.3497206643576043,0.0678949175079744,7.2,118727,-0.33181039782458,10,1.0356523250959524,6,2015,167,10.542026,25000000,1,0.699127
428,4,1,0.6131150168758769,0.0853912415789006,6.9,140407,0.5502297553434735,10,0.6300198226206241,3,2015,298,10.61072,53000000,1,0.18067317
429,4,1,0.1529281495010092,0.8194258895065546,6.5,102529,0.6132326234269059,10,0.0891764859868523,6,2015,154,13.492684,55000000,0,-0.435328273
430,4,1,-0.2061896395251725,0.1136830018705475,5.7,72970,-0.016796057407418,16,-0.99251018728069,0,2015,437,10.721799,35000000,0,-0.358159143
431,3,1,-0.3580666137332411,-0.4286612736182338,6.5,60469,-0.8515840595128972,10,0.0891764859868523,4,2015,248,8.592449,8500000,1,3.002100471
432,2,1,-0.2018402309365405,0.3781677508356235,6.7,73328,1.4007684744698108,1,0.3595981543037382,2,2015,408,11.760218,80000000,1,1.121251375
433,3,1,-0.2077447353333985,-0.5772078513923873,6.1,72842,0.4557254532183249,11,-0.4516668506469194,4,2015,47,8.009226,50000000,1,2.00714274
434,3,1,1.675622078660265,0.874238230109221,7.6,227862,0.1407111128011629,4,1.576495661729723,6,2015,302,13.707888,40000000,1,0.80784385
435,4,0,0.384370142834639,1.515311144299561,7.2,121579,-0.174303227615999,17,1.0356523250959524,3,2015,0,16.224866,30000000,0,-0.4083139
436,3,1,-0.1840173750719508,0.7989890602765338,6.0,74795,1.7157828148869727,13,-0.5868776848053618,0,2015,79,13.412445,90000000,0,-0.695914889
437,3,0,0.1124227633711235,-0.5816938728187304,7.5,99195,-0.7728304744086067,10,1.4412848275712806,6,2015,350,7.991613,11000000,1,2.483412273
438,3,1,-0.5237936599833222,-0.4646126104927695,5.4,46828,0.0462068106760143,1,-1.3981426897560183,4,2015,57,8.451297,37000000,0,-0.432662243
439,4,1,-0.3138435766868153,-0.8531897335650449,7.0,64109,-0.8043319084503229,10,0.7652306567790664,4,2015,56,6.925667,10000000,0,-0.8021408
440,4,1,-0.2501818420375649,-0.459798026774938,7.0,69349,-0.9618390786589038,10,0.7652306567790664,5,2015,204,8.4702,5000000,0,-0.3561942
441,3,1,-0.3494042441139824,-0.0028121970192006,7.1,61182,-0.0482974914491342,5,0.9004414909375088,6,2015,346,10.264416,34000000,1,0.100949971
442,3,1,0.0566337012510171,0.3620465490993835,6.9,94603,2.030797155304134,19,0.6300198226206241,0,2015,64,11.696923,100000000,0,-0.74979242
443,3,1,-0.1616628728287026,-0.1560610360533975,6.3,76635,-0.7413290403668905,5,-0.1812451823300335,6,2015,422,9.662731,12000000,1,1.666692
444,4,1,0.1059472472321826,-0.534217385797029,6.0,98662,0.1407111128011629,10,-0.5868776848053618,4,2015,194,8.178015,40000000,1,1.260286325
445,4,1,-0.8143049956575351,1.1999392279675751,6.9,22916,-1.0563433807840523,10,0.6300198226206241,6,2015,384,14.986654,2000000,0,-0.261499
446,2,1,-0.364906605452235,0.5322797663084667,6.3,59906,0.7077369255520545,1,-0.1812451823300335,1,2015,96,12.365292,58000000,1,0.38069619
447,4,1,-0.684150766020623,2.6508985788187696,6.3,33629,-0.6468247382417419,10,-0.1812451823300335,0,2015,60,20.683405,15000000,0,-0.7576472
448,3,1,-0.7373034547783464,-0.8874511395837474,6.2,29254,-0.505068285054019,10,-0.3164560164884759,5,2015,39,6.79115,19500000,1,0.034879744
449,2,1,0.088221584855607,-0.2164105427157191,7.3,97203,-0.016796057407418,10,1.1708631592543948,1,2015,409,9.425787,35000000,0,-0.710357086
450,3,1,-0.6003699793524492,-0.2108018061103988,6.0,40525,0.1407111128011629,10,-0.5868776848053618,6,2015,311,9.447808,40000000,0,-0.8556231
451,3,1,-0.5533769278976208,1.3442669640392388,6.2,44393,-0.6468247382417419,10,-0.3164560164884759,4,2015,467,15.553313,15000000,1,1.839502
452,3,1,0.0819769032506996,0.5674387331916689,7.8,96689,-0.8673347765337552,10,1.8469173300466089,4,2015,205,12.503333,8000000,0,-0.157028
453,4,1,-0.2867873394608838,0.9520552798045316,6.6,66336,-0.174303227615999,19,0.2243873201452946,4,2015,117,14.013413,30000000,1,0.078713867
454,4,1,-0.2477155572792065,-0.5926540995840971,7.3,69552,-0.8988362105754715,10,1.1708631592543948,4,2015,398,7.948581,7000000,1,1.496301
455,4,1,-0.0573013650735382,1.671512968765941,6.6,85225,0.4557254532183249,19,0.2243873201452946,0,2015,43,16.838145,50000000,0,-0.47115498
456,3,1,-0.8657567983750113,2.426906712634839,6.0,18681,-0.6153233042000257,10,-0.5868776848053618,6,2015,338,19.803969,16000000,0,-0.997994063
457,4,1,-0.354810631884768,0.4938960496791147,6.7,60737,-0.3948132659080123,10,0.3595981543037382,4,2015,203,12.21459,23000000,1,1.80261787
458,4,0,-0.7562440357550985,-0.3188254465682161,6.2,27695,-1.0563433807840523,10,-0.3164560164884759,6,2015,310,9.023686,2000000,1,0.795005
459,1,1,-0.4499630566505942,0.3711197076340239,7.8,52905,-0.9303376446171876,10,1.8469173300466089,6,2015,61,11.732546,6000000,0,-0.986023167
460,4,1,-0.2739699482290214,-0.1886378599047336,6.1,67391,-0.2373060956994314,10,-0.4516668506469194,0,2015,311,9.534828,28000000,0,-0.484478429
461,3,0,-0.5818181723277535,0.3399073087404423,7.3,42052,-0.7728304744086067,10,1.1708631592543948,3,2015,19,11.61,11000000,1,2.027730636
462,3,1,-0.300965439524944,-0.2322795919957006,6.4,65169,-0.7413290403668905,10,-0.04603434817159,11,2015,191,9.363482,12000000,1,0.860919
463,4,1,-0.6997503208468897,0.2940183633953661,5.8,32345,0.1407111128011629,10,-0.8572993531222477,0,2015,195,11.429831,40000000,0,-0.733983875
464,4,0,-0.4343392034523239,-0.00855694313123,5.5,54191,0.7707397936354868,10,-1.262931855597576,0,2015,125,10.241861,60000000,0,-0.873238867
465,4,1,-0.683008742536457,1.8663027788211852,5.3,33723,-0.8043319084503229,10,-1.5333535239144618,8,2015,420,17.602928,10000000,1,1.7736779
466,4,1,-1.0013538633407144,-1.2535367729566722,6.0,7520,-1.0090912297214782,10,-0.5868776848053618,4,2015,315,5.353826,3500000,0,-0.824098857
467,4,1,-0.8659997820950466,0.4442248174901619,6.3,18661,-0.8673347765337552,10,-0.1812451823300335,1,2015,316,12.019571,8000000,1,2.683481875
468,2,1,-0.6230403604317433,0.5244851990166718,6.0,38659,1.2117598702195136,10,-0.5868776848053618,2,2015,152,12.334689,74000000,1,1.202622054
469,3,1,-0.9892168265249508,-0.4989305597895421,5.9,8519,-0.33181039782458,10,-0.7220885189638041,6,2015,73,8.316558,25000000,0,-0.99919668
470,4,1,-0.555126410681875,1.1861126135832871,5.4,44249,1.0857541340526489,10,-1.3981426897560183,5,2015,336,14.932368,70000000,0,-0.8986125
471,2,1,-0.9460872162186836,1.0270028854875115,5.1,12069,1.7157828148869727,5,-1.803775192231348,2,2015,412,14.307672,90000000,0,-0.045700144
472,4,1,-1.0328081058992848,-1.4173757604542725,5.2,4931,-0.8673347765337552,10,-1.6685643580729042,12,2015,63,4.710562,8000000,0,-0.99794275
473,4,1,-0.8958503321013841,0.4795274348635963,6.1,16204,-0.2373060956994314,10,-0.4516668506469194,4,2015,382,12.158176,28000000,0,-0.750059857
474,3,1,-0.6654653179499078,0.4445717181421054,5.6,35167,-0.8515840595128972,10,-1.1277210214391336,6,2015,226,12.020933,8500000,0,-0.977986824
475,3,1,-0.8688305424334579,1.656435015980039,6.0,18428,-0.5523204361165933,10,-0.5868776848053618,4,2015,115,16.778946,18000000,1,0.490119111
476,3,0,-0.7479582909018946,-0.55575808244667,6.9,28377,-0.6783261722834582,10,0.6300198226206241,3,2015,3,8.093442,14000000,0,-0.664760286
477,2,1,-0.7547982826208884,-0.8611009532052906,7.4,27814,-0.5838218701583096,10,1.3060739934128385,3,2015,75,6.894606,17000000,1,1.615858941
478,2,0,-0.4693774558814152,2.287558096126201,6.9,51307,-0.8043319084503229,8,0.6300198226206241,6,2015,333,19.256859,10000000,1,0.7737646
479,3,1,-0.9290054607002016,-1.1753891233742668,5.7,13475,-0.5838218701583096,10,-0.99251018728069,4,2015,454,5.660649,17000000,1,0.546145588
480,0,1,-0.6688427916583987,0.5254166349081235,7.1,34889,1.9992957212624185,10,0.9004414909375088,2,2015,81,12.338346,99000000,1,0.314933444
481,4,1,-0.7930439201544457,1.688126504540511,7.0,24666,-0.8043319084503229,10,0.7652306567790664,4,2015,86,16.903373,10000000,0,-0.4651683
482,4,1,-1.0385303725061164,-1.4317026045598653,5.7,4460,-0.7098276063251743,10,-0.99251018728069,3,2015,289,4.654312,13000000,0,-0.873348615
483,3,1,-1.0610306649813857,-1.438802097050519,5.6,2608,-0.9618390786589038,10,-1.1277210214391336,6,2015,353,4.626438,5000000,0,-0.9867258
484,4,0,-1.0108909743521002,-1.0951567587873414,5.2,6735,-0.8043319084503229,10,-1.6685643580729042,6,2015,323,5.975657,10000000,0,-0.9982528
485,2,1,-0.7614317381778524,1.7179281231762995,4.4,27268,-0.174303227615999,1,-2.7502510313404467,0,2015,270,17.02038,30000000,1,1.367939667
486,3,0,-0.8729248181160528,-1.1400561967661913,6.7,18091,-0.9303376446171876,10,0.3595981543037382,3,2015,11,5.799373,6000000,1,0.6696125
487,4,1,-0.7086556741861837,-0.9424043289826874,5.1,31612,-0.6783261722834582,11,-1.803775192231348,4,2015,250,6.575393,14000000,0,-0.122665929
488,4,1,-0.8584794359599539,-0.2775603150523474,4.6,19280,-0.8043319084503229,10,-2.479829363023562,8,2015,191,9.185701,10000000,1,0.8300124
489,4,1,-0.7762172975420008,-0.0066062000378124,5.4,26051,-0.016796057407418,10,-1.3981426897560183,4,2015,450,10.24952,35000000,0,-0.708171057
490,4,0,-0.9815992869018438,-1.5999450908617607,5.0,9146,-1.0248419467423362,10,-1.93898602638979,4,2015,189,3.993759,3000000,0,-0.779668667
491,4,0,-0.6914038300636769,-0.0365221787269948,6.9,33032,-1.0563433807840523,10,0.6300198226206241,13,2015,221,10.132064,2000000,0,-0.885453
492,4,1,-0.7980250864151696,0.2025960331384828,6.3,24256,-1.094145101634112,10,-0.1812451823300335,5,2015,239,11.070889,800000,0,-0.8399975
493,2,0,-0.7508619463563164,-0.080045220873905,7.4,28138,-0.33181039782458,10,1.3060739934128385,2,2015,295,9.961184,25000000,0,-0.22496072
494,4,1,-0.9947568553417556,0.0302918546952207,5.5,8063,-0.6468247382417419,10,-1.262931855597576,4,2015,334,10.394389,15000000,0,-0.801181267
495,3,1,-0.931070822320502,-1.3056291781246072,5.1,13305,-0.8673347765337552,10,-1.803775192231348,8,2015,74,5.149301,8000000,0,-0.785986125
496,4,1,1.1985964394869506,0.8125418727512482,7.4,188598,0.2667168489680277,19,1.3060739934128385,0,2016,38,13.465656,44000000,1,0.959045773
497,3,1,-0.6139284709304192,2.933030688629076,6.6,39409,-0.174303227615999,10,0.2243873201452946,1,2016,180,21.791111,30000000,0,-0.7141887
498,4,1,0.7592575752911123,2.198903075401892,7.5,152436,-0.4105639829288705,10,1.4412848275712806,5,2016,471,18.908782,22500000,0,-0.527150489
499,4,0,0.746999046615331,1.1440742145348926,7.4,151427,0.1407111128011629,9,1.3060739934128385,8,2016,58,14.767317,40000000,1,1.5617502
500,4,0,0.0568888341570541,0.715636372718273,7.1,94624,1.5582756446783916,10,0.9004414909375088,0,2016,453,13.085186,85000000,0,-0.528598976
501,4,0,-0.3863620679313526,-2.424674392715459,5.6,58140,0.1407111128011629,10,-1.1277210214391336,0,2016,369,0.75571,40000000,0,-0.3292483
502,4,1,0.5149617431676147,0.5833734949299483,7.6,132328,-0.7413290403668905,10,1.576495661729723,5,2016,460,12.565896,12000000,1,1.2385375
503,3,1,-0.1626955536388526,2.065794595437024,5.7,76550,2.3458114957212968,10,-0.99251018728069,0,2016,356,18.386172,110000000,0,-0.399980064
504,3,0,0.8950611764188453,2.25607647991316,6.7,163614,2.660825836138459,10,0.3595981543037382,0,2016,366,19.133256,120000000,1,0.353620083
505,4,1,-0.3653804237063038,-0.1925342521025532,7.4,59867,-0.8358333424920391,10,1.3060739934128385,4,2016,267,9.51953,9000000,1,0.584465889
506,3,1,-0.3371214170661977,1.8460325230319663,7.2,62193,-0.33181039782458,10,1.0356523250959524,3,2016,405,17.523343,25000000,0,-0.48859628
507,4,1,-0.4863377195398796,2.484415556322766,5.8,49911,-0.016796057407418,10,-0.8572993531222477,0,2016,79,20.02976,35000000,0,-0.132906857
508,4,1,1.2539116833529882,1.477296996573271,7.4,193151,0.4557254532183249,10,1.3060739934128385,4,2016,433,16.075615,50000000,0,-0.27476474
509,3,0,-0.4856330667517772,3.618880785061898,7.5,49969,0.2352154149263115,10,1.4412848275712806,6,2016,363,24.483893,43000000,0,-0.913232977
510,3,1,0.8172820876355436,2.0376546360180336,7.5,157212,0.7707397936354868,10,1.4412848275712806,3,2016,470,18.275689,60000000,1,1.08450055
511,4,1,0.4018771198631829,1.573562691585922,7.1,123020,0.1407111128011629,10,0.9004414909375088,4,2016,443,16.453573,40000000,1,0.075435825
512,4,1,-0.3198817221296927,1.08399367049258,6.3,63612,0.0777082447177305,16,-0.1812451823300335,4,2016,216,14.531429,38000000,1,0.586041447
513,4,0,-0.4773351727125715,-0.4871741425410807,6.8,50652,-0.8358333424920391,6,0.4948089884621806,3,2016,356,8.362716,9000000,1,0.550964333
514,4,1,-0.6667166841080897,2.4625547024635126,6.4,35064,2.2828086276378645,10,-0.04603434817159,0,2016,36,19.94393,108000000,0,-0.9039115
515,3,1,-0.6135153986063593,-0.2012908192198912,5.8,39443,0.1407111128011629,5,-0.8572993531222477,0,2016,324,9.48515,40000000,0,-0.62758005
516,3,1,-0.4070278333203554,1.095316079876936,6.8,56439,0.0147053766342981,9,0.4948089884621806,6,2016,22,14.575883,36000000,0,-0.139362361
517,3,1,-0.1070887293087726,1.1991868457900123,6.6,81127,-0.4893175680331609,10,0.2243873201452946,1,2016,196,14.9837,20000000,1,0.92811895
518,4,1,-0.3506920578301695,0.4997492977571707,6.0,61076,-0.0797989254908504,16,-0.5868776848053618,1,2016,28,12.237571,33000000,1,0.394154939
519,3,1,-0.0350440563183041,0.8694720392870351,6.3,87057,-0.5838218701583096,1,-0.1812451823300335,6,2016,35,13.689175,17000000,1,2.242448412
520,4,0,0.0261513935725878,1.0465846886613102,7.3,92094,0.1407111128011629,10,1.1708631592543948,3,2016,273,14.384554,40000000,0,-0.460312025
521,3,1,-0.223198499927644,1.7790109095573765,6.1,71570,2.5033186659298776,17,-0.4516668506469194,0,2016,132,17.260203,115000000,0,-0.583025913
522,4,0,-0.823526227832875,0.0324858357641198,6.5,22157,-0.8043319084503229,10,0.0891764859868523,0,2016,25,10.403003,10000000,0,-0.8201528
523,3,0,-0.6967130243464483,-0.4564754724396943,7.2,32595,-0.4893175680331609,10,1.0356523250959524,6,2016,113,8.483245,20000000,0,-0.37270105
524,3,1,0.2044892948925013,0.2798086810371257,6.3,106773,0.4557254532183249,9,-0.1812451823300335,0,2016,162,11.374041,50000000,1,1.54881742
525,4,0,-0.48289949990138,0.3130105373406414,7.0,50194,-0.2373060956994314,10,0.7652306567790664,3,2016,123,11.504398,28000000,0,-0.449076071
526,4,1,-0.244374531128721,-0.2747644791812879,7.0,69827,-1.0248419467423362,10,0.7652306567790664,1,2016,93,9.196678,3000000,1,0.402959667
527,3,1,-0.1628777914288791,0.1306113461662651,5.2,76535,0.0777082447177305,1,-1.6685643580729042,0,2016,458,10.788263,38000000,0,-0.081237316
528,3,1,-0.3068577947358002,0.7061080662651135,6.0,64684,3.133347346764202,11,-0.5868776848053618,0,2016,249,13.047776,135000000,0,-0.392210363
529,3,1,-0.6591112936709846,-0.023555429688493,6.1,35690,-0.8358333424920391,10,-0.4516668506469194,8,2016,327,10.182974,9000000,1,2.878320556
530,4,1,-0.0802025806868659,-0.0920609221632458,5.7,83340,-0.016796057407418,10,-0.99251018728069,4,2016,28,9.914008,35000000,1,0.579766143
531,2,1,-0.0894967079782164,0.5212105281781725,7.8,82575,0.7707397936354868,10,1.8469173300466089,2,2016,291,12.321832,60000000,0,-0.1996152
532,3,0,0.0536935982385899,0.2460164314067341,6.3,94361,-0.4263146999497285,10,-0.1812451823300335,4,2016,210,11.241366,22000000,1,0.367282955
533,4,1,-0.9085583806592308,-0.6118008760959873,6.8,15158,-0.9303376446171876,10,0.4948089884621806,3,2016,37,7.873407,6000000,0,-0.1920225
534,3,1,-0.4752212143482643,-0.2620239032550663,6.7,50826,-0.174303227615999,10,0.3595981543037382,4,2016,489,9.2467,30000000,0,-0.629893167
535,3,0,-0.6593421282050181,0.1410165828284124,6.9,35671,-0.2058046616577152,10,0.6300198226206241,3,2016,345,10.829116,29000000,0,-0.056203207
536,3,1,-0.3813930508566306,0.6131812263525547,6.7,58549,-0.5523204361165933,19,0.3595981543037382,6,2016,197,12.682927,18000000,0,-0.794011444
537,2,1,-0.6242917265899252,2.5153047416133254,5.7,38556,2.188304325512716,10,-0.99251018728069,2,2016,322,20.151037,105000000,0,-0.389876114
538,3,1,-0.4724633491258636,-0.0306526298840903,4.7,51053,0.4557254532183249,10,-2.3446185288651185,4,2016,258,10.155109,50000000,0,-0.42302614
539,4,1,-0.6078538779295366,-0.9010401193804708,7.0,39909,-0.8043319084503229,10,0.7652306567790664,4,2016,395,6.737797,10000000,0,-0.6630569
540,2,1,-0.9804086666736708,1.152702922527946,5.7,9244,2.81833300634704,10,-0.99251018728069,0,2016,114,14.801195,125000000,0,-0.733038672
541,4,1,-0.63884645142004,-0.5212524196546826,5.8,37358,0.2982182830097439,10,-0.8572993531222477,4,2016,257,8.228918,45000000,1,0.216233644
542,2,1,-0.4087530177326061,2.163421913713471,6.4,56297,3.2908545169727828,18,-0.04603434817159,1,2016,314,18.769476,140000000,0,-0.603687357
543,4,1,-0.3209994472418551,-0.3505859586798465,6.1,63520,0.0777082447177305,9,-0.4516668506469194,4,2016,1,8.898988,38000000,1,0.231930684
544,2,0,-0.3701793521770011,0.2283303562449875,6.3,59472,1.1802584361777977,1,-0.1812451823300335,2,2016,238,11.171927,73000000,1,0.472731041
545,4,0,-0.9475937152829028,-0.926808572213378,5.0,11945,-1.0720940978049105,10,-1.93898602638979,8,2016,403,6.636625,1500000,0,-0.48012
546,4,1,-0.2058616115031249,0.4274785833017424,6.5,72997,-0.2688075297411476,15,0.0891764859868523,5,2016,187,11.953822,27000000,1,0.518965741
547,4,1,-0.6734108855950623,-0.0132125943917833,6.9,34513,0.4557254532183249,10,0.6300198226206241,0,2016,140,10.223582,50000000,0,-0.58483244
548,5,0,-0.8906018837486215,-0.1695224114252875,7.4,16636,-0.8673347765337552,10,1.3060739934128385,3,2016,177,9.609879,8000000,0,-0.99561625
549,3,0,-1.0048042321652155,-1.0255079204780992,6.8,7236,-0.6783261722834582,10,0.4948089884621806,3,2016,155,6.249112,14000000,0,-0.721335571
550,4,0,-0.735092302926025,-0.2982312130776221,6.1,29436,-0.174303227615999,10,-0.4516668506469194,4,2016,98,9.104543,30000000,0,-0.860062467
551,4,1,-0.6725968901329441,-0.5943088819157243,6.3,34580,-0.6468247382417419,9,-0.1812451823300335,0,2016,246,7.942084,15000000,1,0.371088467
552,4,1,-0.933391316846839,-0.7173091047780386,5.5,13114,-0.3003089637828637,10,-1.262931855597576,4,2016,229,7.459161,26000000,0,-0.320577962
553,3,1,-0.8710052467277739,-1.2276086235681345,7.7,18249,-0.8673347765337552,10,1.7117064958881665,4,2016,457,5.455625,8000000,0,-0.914357125
554,3,0,-0.9609213723268392,0.12213851423708,6.6,10848,-0.8043319084503229,10,0.2243873201452946,3,2016,105,10.754997,10000000,0,-0.5927774
555,3,1,-0.8237084656229015,-1.00109523282162,6.0,22142,-0.5523204361165933,10,-0.5868776848053618,4,2016,343,6.344961,18000000,1,2.309615833
556,3,1,-1.0518215819920476,-0.760680346052292,6.0,3366,-0.5838218701583096,10,-0.5868776848053618,4,2016,102,7.288877,17000000,1,1.453874118
557,3,1,-0.9982193733522589,1.4349063481844673,5.2,7778,-0.9618390786589038,10,-1.6685643580729042,8,2016,411,15.909181,5000000,0,-0.0418854
558,3,1,-0.9779059343573072,0.4869170300286732,4.4,9450,-0.99334051270062,10,-2.7502510313404467,8,2016,153,12.187189,4000000,1,1.68321025
559,2,1,-1.0373640506499469,-0.0135791069014356,6.1,4556,-0.8515840595128972,10,-0.4516668506469194,2,2016,67,10.222143,8500000,1,1.351199529
560,4,1,-0.6512993670718494,-0.9645927263356264,6.5,36333,-1.0090912297214782,10,0.0891764859868523,2,2016,46,6.488277,3500000,1,0.078571429
